0.001,3,-2,-1058,0
0.003,0,-1,-1054,0
0.006,6,-4,-1050,0
0.008,3,-4,-1051,0
0.011,3,-4,-1054,0
0.014,6,0,-1042,0
0.016,5,-1,-1049,0
0.019,3,-3,-1051,0
0.022,8,-4,-1052,0
0.024,3,-4,-1054,0
0.027,2,-1,-1056,0
0.029,4,0,-1050,0
0.032,6,-4,-1048,0
0.035,5,-3,-1057,0
0.037,6,4,-1054,0
0.040,5,2,-1053,0
0.043,1,2,-1052,0
0.045,2,0,-1052,0
0.048,3,0,-1055,0
0.050,2,-3,-1050,0
0.053,4,0,-1064,0
0.056,7,-2,-1063,0
0.058,4,-3,-1058,0
0.061,6,-6,-1044,0
0.063,2,-4,-1048,0
0.066,5,-4,-1050,0
0.069,10,-6,-1056,0
0.071,10,-4,-1054,0
0.074,8,-3,-1053,0
0.077,10,-2,-1054,0
0.079,10,-4,-1051,0
0.082,12,-1,-1054,0
0.084,12,-4,-1062,0
0.087,10,-2,-1058,0
0.090,10,1,-1062,0
0.092,10,0,-1056,0
0.095,12,0,-1050,0
0.097,11,2,-1050,0
0.100,8,0,-1058,0
0.103,7,0,-1053,0
0.105,8,-2,-1058,0
0.108,8,0,-1054,0
0.111,9,1,-1055,0
0.113,6,-1,-1055,0
0.116,2,2,-1058,0
0.118,4,2,-1053,0
0.121,2,2,-1051,0
0.124,4,0,-1052,0
0.126,6,0,-1054,0
0.129,8,1,-1055,0
0.131,0,-2,-1046,0
0.134,-1,0,-1052,0
0.137,0,-3,-1049,0
0.139,6,6,-1062,0
0.142,8,4,-1061,0
0.144,4,1,-1060,0
0.147,4,2,-1052,0
0.150,6,0,-1053,0
0.152,3,-2,-1048,0
0.155,2,-2,-1050,0
0.158,2,-1,-1049,0
0.160,3,-2,-1058,0
0.163,4,-2,-1060,0
0.165,1,-4,-1053,0
0.168,0,-2,-1057,0
0.171,4,0,-1046,0
0.173,3,-2,-1054,0
0.176,0,-1,-1053,0
0.178,6,-6,-1052,0
0.181,4,-8,-1053,0
0.184,8,-6,-1057,0
0.186,2,0,-1048,0
0.189,6,-1,-1051,0
0.192,5,-5,-1048,0
0.194,2,-8,-1052,0
0.197,4,-6,-1050,0
0.199,4,-3,-1051,0
0.202,8,-2,-1062,0
0.205,6,-1,-1066,0
0.207,7,-3,-1059,0
0.210,4,-4,-1050,0
0.212,4,-5,-1051,0
0.215,3,-3,-1046,0
0.218,4,-2,-1056,0
0.220,3,-2,-1056,0
0.223,5,1,-1057,0
0.225,-2,2,-1054,0
0.228,-2,-1,-1052,0
0.231,1,-2,-1052,0
0.233,6,2,-1058,0
0.236,4,-1,-1058,0
0.239,7,2,-1052,0
0.241,14,-2,-1064,0
0.244,9,-1,-1057,0
0.246,5,-1,-1056,0
0.249,6,-6,-1052,0
0.252,8,-2,-1051,0
0.254,7,-2,-1052,0
0.257,4,0,-1048,0
0.259,4,0,-1047,0
0.262,1,1,-1051,0
0.265,10,0,-1052,0
0.267,8,2,-1057,0
0.270,7,2,-1054,0
0.273,10,-6,-1058,0
0.275,7,-6,-1056,0
0.278,7,-3,-1056,0
0.280,6,-2,-1064,0
0.283,5,0,-1059,0
0.286,1,0,-1060,0
0.288,8,0,-1048,0
0.291,7,-3,-1049,0
0.293,5,-4,-1048,0
0.296,6,-2,-1060,0
0.299,4,-3,-1054,0
0.301,3,-2,-1057,0
0.304,-2,-4,-1050,0
0.307,1,-3,-1050,0
0.309,-2,0,-1055,0
0.312,2,-8,-1052,0
0.314,3,-8,-1055,0
0.317,0,-4,-1062,0
0.320,2,-2,-1052,0
0.322,4,-1,-1054,0
0.325,2,-4,-1051,0
0.327,2,0,-1050,0
0.330,1,-3,-1048,0
0.333,0,-3,-1049,0
0.335,6,0,-1050,0
0.338,3,-2,-1047,0
0.340,3,-1,-1054,0
0.343,0,-2,-1052,0
0.346,2,-1,-1051,0
0.348,5,-2,-1057,0
0.351,2,0,-1062,0
0.354,1,0,-1060,0
0.356,0,0,-1060,0
0.359,-4,-4,-1050,0
0.361,1,-2,-1054,0
0.364,-2,-3,-1055,0
0.367,4,-6,-1056,0
0.369,6,-3,-1060,0
0.372,2,-5,-1054,0
0.374,2,-4,-1046,0
0.377,3,-3,-1050,0
0.380,5,-5,-1048,0
0.382,2,4,-1052,0
0.385,2,3,-1054,0
0.388,1,0,-1052,0
0.390,6,-2,-1052,0
0.393,6,1,-1056,0
0.395,5,0,-1057,0
0.398,8,0,-1046,0
0.401,7,-1,-1051,0
0.403,6,-1,-1052,0
0.406,2,0,-1058,0
0.408,5,1,-1053,0
0.411,6,1,-1052,0
0.414,4,2,-1050,0
0.416,5,0,-1052,0
0.419,1,-1,-1056,0
0.422,10,-2,-1050,0
0.424,10,-4,-1055,0
0.427,11,-3,-1054,0
0.429,12,0,-1062,0
0.432,8,1,-1057,0
0.435,4,-2,-1057,0
0.437,6,2,-1050,0
0.440,11,0,-1048,0
0.442,11,0,-1048,0
0.445,4,-2,-1066,0
0.448,7,-4,-1056,0
0.450,8,-4,-1053,0
0.453,4,0,-1056,0
0.456,5,0,-1052,0
0.458,3,1,-1055,0
0.461,6,4,-1064,0
0.463,3,3,-1064,0
0.466,7,0,-1064,0
0.469,0,0,-1058,0
0.471,-1,0,-1060,0
0.474,-4,0,-1058,0
0.476,2,-2,-1058,0
0.479,-1,-4,-1052,0
0.482,2,-1,-1054,0
0.484,6,0,-1052,0
0.487,5,-1,-1056,0
0.489,6,-1,-1058,0
0.492,2,-6,-1064,0
0.495,4,-2,-1063,0
0.497,3,-2,-1059,0
0.500,0,-6,-1056,0
0.503,3,-4,-1051,0
0.505,3,-4,-1050,0
0.508,2,-2,-1070,0
0.510,1,-2,-1069,0
0.513,1,0,-1066,0
0.516,4,-2,-1058,0
0.518,2,-1,-1060,0
0.521,3,-1,-1060,0
0.523,6,-2,-1056,0
0.526,9,-5,-1054,0
0.529,6,-4,-1058,0
0.531,2,0,-1066,0
0.534,1,1,-1057,0
0.537,4,-3,-1057,0
0.539,8,0,-1052,0
0.542,5,3,-1052,0
0.544,8,0,-1056,0
0.547,2,0,-1056,0
0.550,5,1,-1056,0
0.552,4,-1,-1057,0
0.555,4,0,-1054,0
0.557,7,-1,-1054,0
0.560,5,-1,-1050,0
0.563,2,-6,-1052,0
0.565,6,-4,-1053,0
0.568,6,-4,-1059,0
0.571,4,-2,-1050,0
0.573,4,-2,-1052,0
0.576,4,-3,-1049,0
0.578,2,-4,-1044,0
0.581,5,0,-1048,0
0.584,3,-2,-1055,0
0.586,6,2,-1062,0
0.589,4,2,-1059,0
0.591,3,0,-1059,0
0.594,8,-4,-1060,0
0.597,9,-2,-1059,0
0.599,5,-2,-1054,0
0.602,4,-2,-1064,0
0.605,6,-1,-1060,0
0.607,6,-4,-1056,0
0.610,8,-6,-1054,0
0.612,7,-5,-1061,0
0.615,7,-6,-1060,0
0.618,4,-8,-1060,0
0.620,3,-6,-1059,0
0.623,1,-2,-1061,0
0.625,2,-2,-1046,0
0.628,1,-3,-1055,0
0.631,1,-5,-1058,0
0.633,-2,-6,-1060,0
0.636,1,-4,-1055,0
0.638,0,-3,-1049,0
0.641,2,-4,-1048,0
0.644,3,1,-1053,0
0.646,1,-2,-1052,0
0.649,0,0,-1062,0
0.652,5,-2,-1058,0
0.654,1,-1,-1062,0
0.657,8,2,-1040,0
0.659,5,1,-1051,0
0.662,2,0,-1052,0
0.665,0,-6,-1050,0
0.667,2,-3,-1048,0
0.670,3,-3,-1050,0
0.673,8,4,-1064,0
0.675,7,3,-1058,0
0.678,5,0,-1057,0
0.680,6,0,-1056,0
0.683,3,0,-1053,0
0.686,0,0,-1049,0
0.688,2,2,-1062,0
0.691,7,0,-1059,0
0.693,2,1,-1049,0
0.696,4,0,-1054,0
0.699,7,0,-1049,0
0.701,4,-1,-1055,0
0.704,12,-4,-1062,0
0.706,10,-3,-1061,0
0.709,8,-3,-1059,0
0.712,4,0,-1050,0
0.714,7,-3,-1051,0
0.717,4,-7,-1050,0
0.720,8,-2,-1050,0
0.722,7,-4,-1052,0
0.725,6,-5,-1050,0
0.727,10,-6,-1050,0
0.730,7,-3,-1056,0
0.733,4,-5,-1055,0
0.735,12,-2,-1058,0
0.738,11,-3,-1058,0
0.740,6,-2,-1053,0
0.743,2,4,-1064,0
0.746,3,4,-1057,0
0.748,2,0,-1061,0
0.751,6,2,-1070,0
0.754,5,-1,-1061,0
0.756,4,-2,-1059,0
0.759,2,6,-1056,0
0.761,2,0,-1051,0
0.764,5,-1,-1047,0
0.767,8,0,-1056,0
0.769,6,-1,-1058,0
0.772,6,-3,-1053,0
0.774,6,-6,-1050,0
0.777,5,-3,-1051,0
0.780,4,-1,-1054,0
0.782,6,6,-1062,0
0.785,7,2,-1060,0
0.788,2,0,-1064,0
0.790,6,-4,-1062,0
0.793,3,-1,-1063,0
0.795,2,-2,-1064,0
0.798,8,4,-1046,0
0.801,6,3,-1051,0
0.803,6,1,-1058,0
0.806,6,-2,-1050,0
0.808,4,-2,-1048,0
0.811,2,-2,-1053,0
0.814,2,0,-1060,0
0.816,6,-2,-1057,0
0.819,5,-5,-1059,0
0.822,2,-2,-1046,0
0.824,0,-1,-1050,0
0.827,3,-2,-1051,0
0.829,8,0,-1038,0
0.832,9,0,-1047,0
0.835,5,0,-1052,0
0.837,8,2,-1060,0
0.840,7,2,-1056,0
0.842,7,2,-1055,0
0.845,4,0,-1062,0
0.848,6,0,-1064,0
0.850,4,-1,-1064,0
0.853,2,-2,-1052,0
0.855,0,1,-1055,0
0.858,0,0,-1057,0
0.861,0,-2,-1054,0
0.863,4,-1,-1048,0
0.866,7,-1,-1053,0
0.869,2,-6,-1062,0
0.871,5,-2,-1058,0
0.874,5,-1,-1048,0
0.876,6,-2,-1056,0
0.879,4,-1,-1057,0
0.882,6,0,-1059,0
0.884,4,-4,-1070,0
0.887,7,-3,-1061,0
0.890,5,-4,-1055,0
0.892,6,-6,-1060,0
0.895,6,-3,-1058,0
0.897,6,-3,-1061,0
0.900,10,-4,-1046,0
0.903,5,-5,-1046,0
0.905,5,-4,-1047,0
0.908,6,2,-1066,0
0.910,4,-1,-1056,0
0.913,7,-2,-1057,0
0.916,2,4,-1062,0
0.918,5,1,-1055,0
0.921,4,-3,-1056,0
0.923,4,2,-1060,0
0.926,5,0,-1053,0
0.929,4,-1,-1054,0
0.931,4,2,-1054,0
0.934,3,1,-1056,0
0.937,5,-1,-1053,0
0.939,-2,0,-1062,0
0.942,2,0,-1058,0
0.944,3,-2,-1048,0
0.947,8,-2,-1048,0
0.950,5,-1,-1055,0
0.952,3,-4,-1056,0
0.955,6,-2,-1054,0
0.957,4,0,-1058,0
0.960,3,-1,-1051,0
0.963,12,-2,-1044,0
0.965,4,-2,-1052,0
0.968,5,-1,-1055,0
0.971,4,0,-1060,0
0.973,3,-2,-1058,0
0.976,4,-3,-1055,0
0.978,8,-4,-1064,0
0.981,6,-2,-1061,0
0.984,5,0,-1061,0
0.986,4,-2,-1056,0
0.989,4,-3,-1061,0
0.992,5,-2,-1059,0
0.994,2,-4,-1046,0
0.997,2,-2,-1046,0
0.999,2,-2,-1056,0
1.002,4,-4,-1046,0
1.005,7,-3,-1054,0
1.007,8,-2,-1057,0
1.010,8,-2,-1056,0
1.012,8,-1,-1055,0
1.015,5,0,-1053,0
1.018,8,-2,-1058,0
1.020,5,-2,-1056,0
1.023,6,-4,-1055,0
1.026,6,0,-1052,0
1.028,7,-2,-1057,0
1.031,5,0,-1061,0
1.033,2,-4,-1048,0
1.036,4,-3,-1056,0
1.039,4,-2,-1053,0
1.041,4,2,-1058,0
1.044,7,0,-1054,0
1.046,4,0,-1053,0
1.049,6,0,-1060,0
1.052,6,-2,-1060,0
1.054,6,-2,-1062,0
1.057,12,-2,-1048,0
1.060,11,-4,-1049,0
1.062,5,-4,-1056,0
1.065,0,-8,-1058,0
1.067,1,-3,-1054,0
1.070,5,-6,-1055,0
1.073,-6,0,-1058,0
1.075,-1,-2,-1052,0
1.078,0,0,-1056,0
1.081,-2,-4,-1058,0
1.083,1,-3,-1054,0
1.086,1,0,-1054,0
1.088,2,0,-1056,0
1.091,4,0,-1061,0
1.094,6,0,-1060,0
1.096,-2,2,-1058,0
1.099,2,-1,-1059,0
1.102,1,-2,-1057,0
1.104,6,4,-1062,0
1.107,7,3,-1063,0
1.109,5,1,-1058,0
1.112,2,-2,-1052,0
1.115,6,-3,-1048,0
1.117,6,-3,-1047,0
1.120,0,2,-1056,0
1.123,0,2,-1061,0
1.125,4,0,-1062,0
1.128,8,-2,-1046,0
1.130,9,-3,-1048,0
1.133,6,-1,-1052,0
1.136,4,6,-1060,0
1.138,1,2,-1054,0
1.141,2,0,-1053,0
1.144,12,2,-1044,0
1.146,8,-3,-1052,0
1.149,10,-2,-1051,0
1.151,-2,-6,-1058,0
1.154,1,-6,-1056,0
1.157,2,-5,-1051,0
1.159,6,-6,-1040,0
1.162,8,-5,-1052,0
1.165,8,-5,-1052,0
1.167,4,-4,-1046,0
1.170,5,-5,-1052,0
1.172,4,-3,-1050,0
1.175,2,-4,-1048,0
1.178,7,-3,-1049,0
1.180,6,-1,-1047,0
1.183,4,-4,-1046,0
1.186,6,-2,-1052,0
1.188,5,-1,-1051,0
1.191,4,6,-1046,0
1.193,5,2,-1051,0
1.196,3,0,-1053,0
1.199,12,2,-1044,0
1.201,11,-2,-1047,0
1.204,9,0,-1053,0
1.207,4,0,-1044,0
1.209,5,-2,-1042,0
1.212,4,-3,-1047,0
1.214,12,-2,-1054,0
1.217,8,-3,-1057,0
1.220,7,-5,-1064,0
1.222,12,-6,-1054,0
1.225,9,-2,-1055,0
1.228,6,-5,-1057,0
1.230,6,-2,-1050,0
1.233,5,-1,-1060,0
1.235,5,-1,-1056,0
1.238,2,-2,-1054,0
1.241,4,0,-1049,0
1.243,4,-2,-1045,0
1.246,6,-6,-1066,0
1.248,7,-1,-1061,0
1.251,8,-4,-1059,0
1.254,2,-2,-1050,0
1.256,4,-1,-1057,0
1.259,7,-3,-1054,0
1.262,6,-6,-1050,0
1.264,5,-2,-1054,0
1.267,5,-2,-1060,0
1.269,0,4,-1050,0
1.272,1,3,-1053,0
1.275,5,0,-1048,0
1.277,0,-10,-1050,0
1.280,3,-7,-1052,0
1.283,4,-4,-1057,0
1.285,2,-4,-1058,0
1.288,4,-3,-1056,0
1.290,4,-6,-1055,0
1.293,4,-2,-1066,0
1.296,4,-2,-1060,0
1.298,5,-1,-1056,0
1.301,8,0,-1062,0
1.303,6,-2,-1054,0
1.306,5,-4,-1055,0
1.309,2,-2,-1054,0
1.311,5,-2,-1054,0
1.314,3,-1,-1054,0
1.317,4,-2,-1058,0
1.319,3,-1,-1054,0
1.322,-1,-4,-1052,0
1.324,6,-2,-1058,0
1.327,6,-2,-1065,0
1.330,3,-2,-1062,0
1.332,2,-2,-1054,0
1.335,6,-2,-1056,0
1.337,3,-2,-1055,0
1.340,6,0,-1062,0
1.343,4,-1,-1062,0
1.345,6,-2,-1057,0
1.348,-2,0,-1054,0
1.351,2,-3,-1059,0
1.353,4,-4,-1054,0
1.356,0,-2,-1052,0
1.358,1,-2,-1056,0
1.361,1,-1,-1049,0
1.364,6,4,-1064,0
1.366,4,2,-1055,0
1.369,4,-2,-1055,0
1.371,4,-6,-1040,0
1.374,1,-5,-1048,0
1.377,1,-3,-1049,0
1.379,4,4,-1052,0
1.382,3,2,-1056,0
1.385,3,-2,-1053,0
1.387,2,-6,-1048,0
1.390,3,-4,-1048,0
1.392,4,-2,-1048,0
1.395,16,-2,-1048,0
1.398,11,-2,-1047,0
1.400,8,-2,-1051,0
1.403,0,4,-1046,0
1.405,0,3,-1055,0
1.408,3,0,-1056,0
1.411,8,-2,-1054,0
1.413,6,-2,-1054,0
1.416,5,-2,-1050,0
1.419,0,-2,-1058,0
1.421,0,-3,-1056,0
1.424,4,-3,-1053,0
1.426,0,0,-1058,0
1.429,3,0,-1055,0
1.432,3,1,-1059,0
1.434,4,0,-1046,0
1.437,3,0,-1051,0
1.439,6,0,-1047,0
1.442,8,-2,-1050,0
1.445,4,-3,-1049,0
1.447,1,-4,-1053,0
1.450,4,-4,-1052,0
1.453,4,-1,-1050,0
1.455,6,-2,-1053,0
1.458,2,-6,-1058,0
1.460,4,-3,-1059,0
1.463,4,-3,-1056,0
1.466,12,-4,-1054,0
1.468,7,-4,-1052,0
1.471,13,-4,-1047,0
1.474,6,-2,-1062,0
1.476,4,-1,-1057,0
1.479,3,-3,-1052,0
1.481,10,-4,-1042,0
1.484,7,-4,-1046,0
1.487,5,-4,-1049,0
1.489,2,-4,-1044,0
1.492,4,-5,-1050,0
1.494,6,-5,-1048,0
1.497,-2,2,-1048,0
1.500,4,-2,-1052,0
1.502,6,-1,-1055,0
1.505,2,-2,-1050,0
1.508,1,-1,-1052,0
1.510,3,-2,-1060,0
1.513,4,0,-1052,0
1.515,5,-1,-1052,0
1.518,3,-2,-1052,0
1.521,0,-4,-1056,0
1.523,1,-5,-1051,0
1.526,4,-3,-1055,0
1.528,6,-2,-1050,0
1.531,9,-3,-1051,0
1.534,10,-3,-1056,0
1.536,6,-2,-1054,0
1.539,3,-2,-1060,0
1.542,4,-3,-1057,0
1.544,2,-2,-1058,0
1.547,4,-2,-1057,0
1.549,4,-2,-1059,0
1.552,0,-2,-1054,0
1.555,1,-3,-1059,0
1.557,2,-3,-1062,0
1.560,8,2,-1056,0
1.563,7,0,-1060,0
1.565,5,-2,-1059,0
1.568,4,0,-1054,0
1.570,2,-2,-1057,0
1.573,3,-1,-1054,0
1.576,8,-2,-1060,0
1.578,5,-2,-1054,0
1.581,6,-4,-1057,0
1.584,4,-4,-1062,0
1.586,5,-2,-1056,0
1.589,6,-3,-1057,0
1.591,4,-4,-1058,0
1.594,6,-3,-1056,0
1.597,7,-2,-1057,0
1.599,6,2,-1062,0
1.602,6,-1,-1063,0
1.605,8,-2,-1060,0
1.607,-2,-4,-1056,0
1.610,-1,-3,-1060,0
1.612,-1,-2,-1059,0
1.615,4,-6,-1070,0
1.618,5,-4,-1063,0
1.620,6,-5,-1060,0
1.623,6,-6,-1048,0
1.625,6,-3,-1054,0
1.628,4,-3,-1050,0
1.631,10,6,-1060,0
1.633,13,5,-1063,0
1.636,8,1,-1063,0
1.639,6,-6,-1060,0
1.641,5,-3,-1058,0
1.644,5,-7,-1063,0
1.646,6,-4,-1046,0
1.649,5,-4,-1049,0
1.652,8,-2,-1055,0
1.654,8,4,-1050,0
1.657,10,0,-1046,0
1.659,10,-2,-1047,0
1.662,2,0,-1068,0
1.665,4,0,-1058,0
1.667,6,-1,-1054,0
1.670,6,-4,-1048,0
1.673,2,-1,-1054,0
1.675,-2,-2,-1055,0
1.678,6,-2,-1058,0
1.680,6,0,-1054,0
1.683,5,-2,-1048,0
1.686,6,2,-1062,0
1.688,4,2,-1062,0
1.691,3,0,-1058,0
1.693,10,-4,-1046,0
1.696,8,-4,-1052,0
1.699,6,-2,-1050,0
1.701,4,0,-1062,0
1.704,3,1,-1057,0
1.707,2,-1,-1058,0
1.709,10,-2,-1044,0
1.712,14,-4,-1047,0
1.714,11,-2,-1049,0
1.717,2,6,-1070,0
1.720,4,-1,-1064,0
1.722,4,-1,-1058,0
1.725,-2,0,-1052,0
1.728,-1,-2,-1054,0
1.730,-1,-2,-1053,0
1.733,0,-2,-1048,0
1.735,1,-2,-1051,0
1.738,7,-2,-1052,0
1.741,4,-2,-1052,0
1.743,3,-3,-1055,0
1.746,3,-3,-1050,0
1.749,6,-2,-1048,0
1.751,6,0,-1051,0
1.754,6,0,-1055,0
1.756,2,6,-1052,0
1.759,6,4,-1054,0
1.762,4,3,-1052,0
1.764,8,0,-1046,0
1.767,6,-1,-1050,0
1.769,6,-1,-1053,0
1.772,10,2,-1054,0
1.775,7,3,-1050,0
1.777,4,3,-1055,0
1.780,4,2,-1058,0
1.783,4,-3,-1055,0
1.785,3,-3,-1056,0
1.788,4,-4,-1048,0
1.790,2,-2,-1052,0
1.793,4,0,-1049,0
1.796,4,-2,-1058,0
1.798,5,-1,-1057,0
1.801,2,-1,-1059,0
1.804,2,0,-1056,0
1.806,3,-2,-1055,0
1.809,5,-5,-1048,0
1.811,12,-6,-1050,0
1.814,8,-4,-1053,0
1.817,6,0,-1054,0
1.819,6,-4,-1044,0
1.822,9,-5,-1046,0
1.825,6,-3,-1055,0
1.827,4,-4,-1046,0
1.830,3,-1,-1050,0
1.832,2,-3,-1057,0
1.835,-8,-2,-1056,0
1.838,-3,-3,-1054,0
1.840,1,-2,-1054,0
1.843,4,0,-1060,0
1.845,4,-2,-1056,0
1.848,5,-1,-1053,0
1.851,4,-2,-1052,0
1.853,10,0,-1055,0
1.856,8,1,-1056,0
1.859,2,0,-1054,0
1.861,3,-2,-1062,0
1.864,3,-4,-1062,0
1.866,8,-4,-1044,0
1.869,6,-3,-1055,0
1.872,5,-6,-1051,0
1.874,8,-4,-1048,0
1.877,5,-4,-1055,0
1.880,6,-5,-1051,0
1.882,8,-8,-1058,0
1.885,9,-5,-1056,0
1.887,7,-4,-1054,0
1.890,8,-2,-1064,0
1.893,5,-3,-1057,0
1.895,5,-4,-1056,0
1.898,8,2,-1060,0
1.900,7,1,-1060,0
1.903,5,-2,-1058,0
1.906,6,-4,-1058,0
1.908,7,-2,-1050,0
1.911,6,-5,-1050,0
1.914,2,0,-1052,0
1.916,5,-1,-1053,0
1.919,6,-2,-1051,0
1.921,8,6,-1072,0
1.924,7,2,-1066,0
1.927,4,1,-1054,0
1.929,4,2,-1056,0
1.932,3,-1,-1054,0
1.935,4,-1,-1055,0
1.937,4,-6,-1060,0
1.940,4,-2,-1062,0
1.942,5,0,-1062,0
1.945,6,-4,-1054,0
1.948,3,-3,-1054,0
1.950,5,-3,-1053,0
1.953,8,-2,-1070,0
1.955,5,-2,-1063,0
1.958,5,-3,-1054,0
1.961,4,0,-1046,0
1.963,3,1,-1056,0
1.966,3,-2,-1055,0
1.968,8,-2,-1052,0
1.971,7,-1,-1054,0
1.974,6,-2,-1051,0
1.976,4,-2,-1056,0
1.979,5,-3,-1052,0
1.982,3,0,-1052,0
1.984,4,-4,-1046,0
1.987,2,-5,-1048,0
1.989,4,-4,-1060,0
1.992,6,-2,-1056,0
1.995,5,-3,-1054,0
1.997,6,-4,-1057,0
2.000,6,-2,-1052,0
2.002,6,-2,-1050,0
2.005,6,-2,-1044,0
2.008,0,0,-1060,0
2.010,4,-3,-1055,0
2.013,6,-6,-1056,0
2.016,6,2,-1050,0
2.018,7,0,-1052,0
2.021,5,0,-1058,0
2.023,6,-8,-1058,0
2.026,7,-6,-1054,0
2.029,3,0,-1058,0
2.031,-2,0,-1068,0
2.034,-1,0,-1062,0
2.036,-3,-2,-1057,0
2.039,6,-2,-1048,0
2.042,5,-1,-1045,0
2.044,5,-1,-1047,0
2.047,8,-4,-1064,0
2.050,4,-3,-1062,0
2.052,3,-5,-1051,0
2.055,2,-2,-1060,0
2.057,1,-2,-1056,0
2.060,3,-3,-1061,0
2.063,8,-2,-1064,0
2.065,8,-4,-1059,0
2.068,5,-2,-1056,0
2.071,8,0,-1048,0
2.073,9,0,-1050,0
2.076,8,-2,-1057,0
2.078,0,-2,-1062,0
2.081,1,0,-1058,0
2.084,1,0,-1061,0
2.086,8,0,-1058,0
2.089,9,1,-1052,0
2.091,5,0,-1057,0
2.094,4,-2,-1068,0
2.097,4,0,-1067,0
2.099,8,0,-1062,0
2.102,4,-2,-1062,0
2.105,6,0,-1062,0
2.107,4,1,-1055,0
2.110,4,-6,-1054,0
2.112,4,-6,-1050,0
2.115,8,-6,-1049,0
2.118,2,-2,-1064,0
2.120,5,-2,-1055,0
2.123,5,0,-1053,0
2.126,6,-6,-1060,0
2.128,7,-5,-1055,0
2.131,7,-2,-1051,0
2.133,2,0,-1056,0
2.136,4,0,-1060,0
2.139,3,-1,-1053,0
2.141,10,0,-1054,0
2.144,8,-1,-1056,0
2.147,9,-2,-1056,0
2.149,6,-4,-1052,0
2.152,8,-3,-1052,0
2.154,6,-3,-1058,0
2.157,8,0,-1064,0
2.160,8,-3,-1053,0
2.162,8,-2,-1059,0
2.165,12,0,-1058,0
2.167,10,-3,-1055,0
2.170,8,-2,-1055,0
2.173,0,-6,-1050,0
2.175,1,-3,-1048,0
2.178,4,-2,-1048,0
2.181,0,-6,-1058,0
2.183,5,-4,-1061,0
2.186,7,-4,-1058,0
2.188,12,0,-1054,0
2.191,6,-1,-1054,0
2.194,5,-2,-1053,0
2.196,10,2,-1058,0
2.199,6,1,-1058,0
2.201,9,2,-1063,0
2.204,6,2,-1062,0
2.207,4,0,-1063,0
2.209,2,-1,-1059,0
2.212,2,-2,-1044,0
2.215,3,-2,-1049,0
2.217,4,1,-1053,0
2.220,6,2,-1066,0
2.222,3,0,-1062,0
2.225,2,2,-1065,0
2.228,0,-4,-1050,0
2.230,3,-2,-1056,0
2.233,2,1,-1051,0
2.236,8,-2,-1052,0
2.238,5,-3,-1055,0
2.241,4,-4,-1052,0
2.243,4,2,-1056,0
2.246,4,0,-1063,0
2.249,4,-2,-1058,0
2.251,-2,-8,-1044,0
2.254,0,-5,-1055,0
2.257,2,-1,-1057,0
2.259,4,-2,-1050,0
2.262,5,-3,-1048,0
2.264,6,-5,-1048,0
2.267,8,-4,-1050,0
2.270,5,-4,-1054,0
2.272,2,-2,-1054,0
2.275,2,-10,-1052,0
2.277,2,-4,-1050,0
2.280,5,-5,-1045,0
2.283,2,-2,-1036,0
2.285,5,-2,-1049,0
2.288,2,-2,-1051,0
2.290,6,2,-1056,0
2.293,8,1,-1054,0
2.296,10,-1,-1055,0
2.298,4,-4,-1048,0
2.301,2,-1,-1055,0
2.304,2,-4,-1060,0
2.306,4,2,-1054,0
2.309,3,1,-1052,0
2.311,2,-3,-1057,0
2.314,4,0,-1046,0
2.317,5,-1,-1052,0
2.319,7,-2,-1051,0
2.322,2,0,-1056,0
2.325,3,0,-1053,0
2.327,5,-3,-1053,0
2.330,-4,0,-1052,0
2.332,0,1,-1056,0
2.335,1,0,-1052,0
2.338,2,2,-1054,0
2.340,5,1,-1056,0
2.343,5,-1,-1053,0
2.346,8,2,-1046,0
2.348,5,0,-1051,0
2.351,6,0,-1057,0
2.353,2,-4,-1064,0
2.356,2,-3,-1060,0
2.359,4,-1,-1059,0
2.361,4,2,-1062,0
2.364,5,0,-1055,0
2.367,3,0,-1055,0
2.369,4,-2,-1056,0
2.372,7,-1,-1052,0
2.374,6,-2,-1057,0
2.377,2,-4,-1062,0
2.380,3,-2,-1059,0
2.382,5,-1,-1061,0
2.385,2,0,-1054,0
2.387,5,-4,-1050,0
2.390,5,-4,-1049,0
2.393,6,0,-1048,0
2.395,6,-2,-1049,0
2.398,6,-3,-1050,0
2.401,8,-6,-1052,0
2.403,8,-3,-1053,0
2.406,5,-4,-1057,0
2.408,2,0,-1054,0
2.411,1,-1,-1055,0
2.414,1,-3,-1052,0
2.416,4,0,-1058,0
2.419,4,2,-1062,0
2.421,2,0,-1056,0
2.424,0,0,-1054,0
2.427,0,0,-1053,0
2.429,3,0,-1054,0
2.432,4,4,-1048,0
2.435,5,0,-1052,0
2.437,6,-2,-1053,0
2.440,2,-2,-1054,0
2.442,3,-3,-1054,0
2.445,4,-2,-1055,0
2.448,8,0,-1060,0
2.450,4,-2,-1061,0
2.453,6,1,-1066,0
2.456,10,-4,-1058,0
2.458,8,-1,-1056,0
2.461,8,-1,-1053,0
2.463,8,-4,-1044,0
2.466,8,-3,-1048,0
2.469,6,-3,-1044,0
2.471,8,-2,-1060,0
2.474,5,-3,-1058,0
2.476,0,-3,-1059,0
2.479,6,-2,-1054,0
2.482,5,-3,-1047,0
2.484,3,-3,-1050,0
2.487,4,-4,-1050,0
2.490,5,-2,-1050,0
2.492,1,-1,-1055,0
2.495,4,-6,-1056,0
2.497,4,-5,-1055,0
2.500,6,-6,-1048,0
2.503,4,0,-1058,0
2.505,1,-1,-1054,0
2.508,3,-2,-1056,0
2.510,8,-8,-1058,0
2.513,4,-4,-1053,0
2.516,0,-2,-1053,0
2.518,2,2,-1064,0
2.521,0,0,-1050,0
2.524,5,-2,-1052,0
2.526,4,0,-1056,0
2.529,5,-1,-1055,0
2.531,1,-2,-1053,0
2.534,-2,-2,-1052,0
2.537,-1,-2,-1055,0
2.539,0,-1,-1062,0
2.542,2,-2,-1066,0
2.545,2,1,-1061,0
2.547,3,-1,-1057,0
2.550,10,0,-1060,0
2.552,4,-1,-1056,0
2.555,3,-2,-1053,0
2.558,6,0,-1066,0
2.560,3,0,-1065,0
2.563,5,-2,-1064,0
2.565,4,0,-1048,0
2.568,6,2,-1050,0
2.571,7,1,-1050,0
2.573,2,-2,-1058,0
2.576,3,-3,-1055,0
2.578,2,-3,-1054,0
2.581,0,-4,-1048,0
2.584,1,-5,-1047,0
2.586,1,-6,-1052,0
2.589,8,2,-1066,0
2.592,7,1,-1062,0
2.594,4,1,-1057,0
2.597,0,0,-1058,0
2.599,3,-3,-1058,0
2.602,3,0,-1049,0
2.605,8,-2,-1064,0
2.607,6,-2,-1062,0
2.610,5,-3,-1054,0
2.612,10,2,-1062,0
2.615,5,-1,-1054,0
2.618,4,-4,-1057,0
2.620,6,2,-1064,0
2.623,2,-1,-1060,0
2.626,1,-3,-1059,0
2.628,4,-2,-1056,0
2.631,3,-3,-1056,0
2.633,6,-2,-1056,0
2.636,6,-4,-1058,0
2.639,6,-3,-1051,0
2.641,10,-3,-1052,0
2.644,8,0,-1052,0
2.647,6,0,-1053,0
2.649,9,-2,-1049,0
2.652,-2,2,-1052,0
2.654,0,-1,-1046,0
2.657,0,0,-1053,0
2.660,2,-2,-1046,0
2.662,4,-4,-1052,0
2.665,3,-2,-1058,0
2.668,10,-2,-1052,0
2.670,7,-3,-1052,0
2.673,2,-3,-1054,0
2.675,8,-4,-1062,0
2.678,11,-3,-1055,0
2.681,8,-2,-1054,0
2.683,4,0,-1046,0
2.686,6,0,-1054,0
2.688,4,-1,-1055,0
2.691,8,-4,-1052,0
2.694,2,-4,-1055,0
2.696,1,-4,-1059,0
2.699,2,-4,-1058,0
2.702,3,-4,-1054,0
2.704,1,-6,-1053,0
2.707,0,2,-1054,0
2.709,3,-1,-1059,0
2.712,2,-1,-1057,0
2.715,6,2,-1056,0
2.717,5,2,-1056,0
2.720,5,-1,-1054,0
2.723,12,0,-1056,0
2.725,9,-3,-1056,0
2.728,5,-4,-1054,0
2.730,4,-2,-1046,0
2.733,3,0,-1050,0
2.736,2,1,-1047,0
2.738,6,-6,-1046,0
2.741,7,-6,-1050,0
2.743,2,-3,-1053,0
2.746,8,-2,-1056,0
2.749,7,-1,-1053,0
2.751,6,-4,-1055,0
2.754,2,-8,-1056,0
2.757,3,-4,-1053,0
2.759,4,1,-1059,0
2.762,4,-2,-1048,0
2.764,5,0,-1051,0
2.767,8,0,-1051,0
2.770,6,-4,-1056,0
2.772,6,-3,-1058,0
2.775,6,-3,-1060,0
2.777,6,-6,-1054,0
2.780,6,-3,-1055,0
2.783,6,-4,-1054,0
2.785,8,-2,-1050,0
2.788,6,-2,-1051,0
2.790,5,-1,-1056,0
2.793,10,0,-1048,0
2.796,9,-1,-1051,0
2.798,5,-3,-1052,0
2.801,2,-4,-1048,0
2.804,2,-3,-1049,0
2.806,7,-2,-1046,0
2.809,2,-4,-1052,0
2.811,1,-2,-1051,0
2.814,3,0,-1053,0
2.817,6,0,-1058,0
2.819,7,0,-1055,0
2.822,5,-2,-1057,0
2.824,6,2,-1058,0
2.827,6,0,-1048,0
2.830,4,-1,-1054,0
2.832,8,0,-1062,0
2.835,9,0,-1055,0
2.838,10,0,-1055,0
2.840,6,-2,-1050,0
2.843,10,-2,-1058,0
2.845,7,0,-1057,0
2.848,4,4,-1046,0
2.851,3,0,-1054,0
2.853,1,-2,-1050,0
2.856,6,-10,-1046,0
2.858,3,-8,-1049,0
2.861,6,-7,-1056,0
2.864,6,0,-1058,0
2.866,6,-2,-1055,0
2.869,9,-1,-1052,0
2.872,4,-2,-1050,0
2.874,4,-4,-1057,0
2.877,6,-2,-1053,0
2.879,4,-4,-1036,0
2.882,4,-2,-1048,0
2.885,5,-3,-1043,0
2.887,2,2,-1050,0
2.890,1,1,-1049,0
2.893,2,-1,-1052,0
2.895,4,0,-1060,0
2.898,5,1,-1058,0
2.900,6,1,-1064,0
2.903,4,-4,-1062,0
2.906,6,-5,-1060,0
2.908,4,-2,-1056,0
2.911,4,-6,-1044,0
2.913,4,-2,-1050,0
2.916,4,-1,-1051,0
2.919,2,-4,-1066,0
2.921,4,-3,-1058,0
2.924,6,-4,-1059,0
2.927,2,2,-1070,0
2.929,3,-2,-1062,0
2.932,5,2,-1062,0
2.934,12,-2,-1050,0
2.937,7,-3,-1054,0
2.940,8,-1,-1054,0
2.942,10,-2,-1044,0
2.945,7,-3,-1050,0
2.947,6,-5,-1056,0
2.950,8,-2,-1060,0
2.953,3,-4,-1059,0
2.955,7,-1,-1063,0
2.958,10,-4,-1060,0
2.961,8,-1,-1064,0
2.963,8,-1,-1062,0
2.966,8,-6,-1046,0
2.969,7,-4,-1053,0
2.971,7,-3,-1055,0
2.974,0,-6,-1060,0
2.976,5,-2,-1052,0
2.979,3,-2,-1052,0
2.982,4,2,-1052,0
2.984,4,0,-1050,0
2.987,5,-2,-1050,0
2.989,6,0,-1068,0
2.992,2,1,-1061,0
2.995,5,-1,-1058,0
2.997,2,-4,-1062,0
3.000,2,-2,-1057,0
3.003,4,-1,-1055,0
3.005,-6,-2,-1060,0
3.008,-2,-1,-1063,0
3.011,1,-1,-1063,0
3.013,2,-2,-1048,0
3.016,4,0,-1050,0
3.018,4,-2,-1050,0
3.021,2,0,-1064,0
3.024,7,-2,-1064,0
3.026,6,1,-1049,0
3.029,6,-4,-1054,0
3.031,5,-3,-1055,0
3.034,1,-7,-1052,0
3.037,2,0,-1056,0
3.039,5,-1,-1049,0
3.042,5,0,-1053,0
3.044,2,0,-1060,0
3.047,4,-2,-1054,0
3.050,4,-1,-1058,0
3.052,6,-4,-1052,0
3.055,6,-3,-1054,0
3.058,7,-3,-1051,0
3.060,8,-4,-1052,0
3.063,6,-5,-1055,0
3.065,6,-3,-1065,0
3.068,8,0,-1060,0
3.071,7,-1,-1059,0
3.073,6,-4,-1057,0
3.076,10,-4,-1044,0
3.079,6,-3,-1048,0
3.081,8,-2,-1049,0
3.084,6,-2,-1060,0
3.086,3,0,-1053,0
3.089,0,1,-1059,0
3.092,12,-4,-1066,0
3.094,5,-1,-1063,0
3.097,6,-4,-1061,0
3.099,6,-6,-1046,0
3.102,4,-3,-1056,0
3.105,6,-3,-1060,0
3.107,4,-2,-1058,0
3.110,5,-2,-1058,0
3.113,2,0,-1057,0
3.115,6,2,-1074,0
3.118,5,-1,-1072,0
3.120,6,-1,-1056,0
3.123,0,-6,-1040,0
3.126,1,-2,-1047,0
3.128,2,-2,-1057,0
3.131,0,-2,-1054,0
3.134,5,-1,-1055,0
3.136,3,-1,-1063,0
3.139,2,-2,-1056,0
3.141,2,-8,-1053,0
3.144,2,-3,-1063,0
3.147,0,-2,-1062,0
3.149,3,-1,-1058,0
3.152,6,-2,-1060,0
3.154,4,-6,-1064,0
3.157,5,-4,-1054,0
3.160,3,-3,-1051,0
3.162,4,-2,-1048,0
3.165,4,-2,-1050,0
3.168,4,0,-1053,0
3.170,8,4,-1056,0
3.173,7,1,-1056,0
3.175,7,-1,-1058,0
3.178,4,-4,-1064,0
3.181,5,-5,-1061,0
3.183,3,-6,-1056,0
3.186,2,-4,-1064,0
3.188,6,-2,-1059,0
3.191,4,-2,-1060,0
3.194,4,-6,-1054,0
3.196,6,-4,-1051,0
3.199,5,-3,-1051,0
3.202,0,-4,-1058,0
3.204,2,-7,-1051,0
3.207,7,-6,-1049,0
3.209,12,-6,-1058,0
3.212,5,-7,-1051,0
3.215,2,-5,-1052,0
3.217,10,-2,-1052,0
3.220,12,-1,-1053,0
3.222,8,-1,-1057,0
3.225,10,-6,-1060,0
3.228,9,-6,-1059,0
3.230,6,-4,-1058,0
3.233,12,4,-1062,0
3.235,9,2,-1055,0
3.238,9,0,-1058,0
3.241,0,-2,-1056,0
3.243,1,-2,-1052,0
3.246,6,-2,-1055,0
3.249,4,-6,-1060,0
3.251,2,-2,-1057,0
3.254,4,1,-1064,0
3.256,6,-6,-1050,0
3.259,6,-4,-1051,0
3.262,7,-4,-1055,0
3.264,4,-2,-1046,0
3.267,5,-1,-1050,0
3.270,6,-1,-1051,0
3.272,4,-2,-1050,0
3.275,3,0,-1056,0
3.277,5,1,-1058,0
3.280,-2,-4,-1058,0
3.283,-1,-3,-1058,0
3.285,1,-4,-1059,0
3.288,12,-2,-1056,0
3.290,7,-1,-1056,0
3.293,4,-3,-1054,0
3.296,-2,2,-1058,0
3.298,1,1,-1052,0
3.301,1,-1,-1047,0
3.304,4,-2,-1046,0
3.306,4,-1,-1049,0
3.309,5,-4,-1053,0
3.311,-2,-2,-1062,0
3.314,2,-4,-1056,0
3.317,8,-4,-1056,0
3.319,8,0,-1048,0
3.322,4,-2,-1047,0
3.324,5,-1,-1053,0
3.327,8,0,-1050,0
3.330,7,-3,-1056,0
3.332,7,-4,-1054,0
3.335,2,-2,-1058,0
3.338,3,-4,-1060,0
3.340,5,-2,-1056,0
3.343,4,-2,-1066,0
3.345,4,0,-1064,0
3.348,5,0,-1062,0
3.351,4,2,-1052,0
3.353,5,0,-1057,0
3.356,6,-1,-1055,0
3.359,2,2,-1070,0
3.361,3,-2,-1060,0
3.364,4,-2,-1057,0
3.366,4,0,-1070,0
3.369,-1,2,-1065,0
3.372,2,2,-1057,0
3.374,10,-4,-1052,0
3.377,7,-2,-1050,0
3.379,4,-1,-1054,0
3.382,6,2,-1050,0
3.385,4,1,-1046,0
3.387,8,2,-1048,0
3.390,6,0,-1062,0
3.392,2,0,-1054,0
3.395,2,1,-1058,0
3.398,4,-2,-1056,0
3.400,5,-2,-1055,0
3.403,6,-3,-1059,0
3.406,6,0,-1048,0
3.408,2,-3,-1053,0
3.411,1,-5,-1053,0
3.413,2,-6,-1036,0
3.416,4,-4,-1047,0
3.419,6,-5,-1049,0
3.421,4,2,-1056,0
3.424,4,1,-1058,0
3.426,6,1,-1055,0
3.429,4,-2,-1054,0
3.432,3,-3,-1047,0
3.434,2,-5,-1049,0
3.437,8,0,-1054,0
3.440,10,0,-1052,0
3.442,5,-1,-1057,0
3.445,4,2,-1056,0
3.447,4,-1,-1056,0
3.450,4,1,-1056,0
3.453,2,0,-1046,0
3.455,1,-1,-1044,0
3.458,1,0,-1053,0
3.460,0,-2,-1052,0
3.463,2,-2,-1059,0
3.466,4,-4,-1054,0
3.468,-4,-6,-1056,0
3.471,-1,-2,-1061,0
3.473,-3,-1,-1066,0
3.476,4,-4,-1052,0
3.479,6,-3,-1050,0
3.481,6,-2,-1056,0
3.484,8,0,-1052,0
3.487,6,0,-1048,0
3.489,3,0,-1054,0
3.492,0,-4,-1042,0
3.494,2,-4,-1047,0
3.497,4,-4,-1051,0
3.500,10,2,-1052,0
3.502,7,0,-1058,0
3.505,7,1,-1058,0
3.508,4,-6,-1040,0
3.510,4,-5,-1034,0
3.513,6,0,-1059,0
3.515,4,-2,-1030,0
3.518,10,-11,-1038,0
3.521,14,-7,-1046,0
3.523,4,4,-1072,0
3.526,5,4,-1064,0
3.528,2,-2,-1059,0
3.531,10,4,-1074,0
3.534,6,2,-1069,0
3.536,8,0,-1058,0
3.539,8,-6,-1076,0
3.542,4,-4,-1052,0
3.544,6,-7,-1060,0
3.547,6,4,-1034,0
3.549,5,4,-1043,0
3.552,8,-1,-1046,0
3.555,2,-4,-1064,0
3.557,3,-2,-1052,0
3.560,4,2,-1053,0
3.562,0,4,-1052,0
3.565,1,-2,-1053,0
3.568,-2,-1,-1049,0
3.570,0,0,-1054,0
3.573,2,-4,-1047,0
3.576,2,-1,-1050,0
3.578,2,2,-1078,0
3.581,1,0,-1070,0
3.583,1,-2,-1060,0
3.586,8,-4,-1052,0
3.589,6,-5,-1054,0
3.591,3,-6,-1056,0
3.594,6,-2,-1048,0
3.596,3,-3,-1051,0
3.599,7,-5,-1051,0
3.602,6,-6,-1052,0
3.604,4,-2,-1055,0
3.607,2,1,-1063,0
3.610,2,-4,-1054,0
3.612,5,-1,-1056,0
3.615,6,-1,-1057,0
3.617,4,-4,-1048,0
3.620,2,-3,-1050,0
3.623,4,-2,-1052,0
3.625,4,-2,-1050,0
3.628,4,-5,-1053,0
3.631,3,-6,-1049,0
3.633,6,2,-1050,0
3.636,6,-2,-1053,0
3.638,5,-3,-1053,0
3.641,0,6,-1050,0
3.644,-2,4,-1052,0
3.646,-1,0,-1054,0
3.649,6,-10,-1048,0
3.651,3,-7,-1050,0
3.654,4,-6,-1049,0
3.657,8,4,-1060,0
3.659,10,9,-1067,0
3.662,8,3,-1059,0
3.665,8,-14,-1020,0
3.667,10,-13,-1051,0
3.670,12,-3,-1031,0
3.672,-24,38,-1180,0
3.675,-9,-9,-1051,0
3.678,7,-30,-1060,0
3.680,0,40,-1088,0
3.683,-10,28,-1058,0
3.685,5,18,-1025,0
3.688,18,-2,-1070,0
3.691,11,-19,-1084,0
3.693,11,-20,-1059,0
3.696,8,56,-1072,0
3.698,3,37,-1055,0
3.701,2,2,-1053,0
3.704,6,-4,-1066,0
3.706,8,-6,-1053,0
3.709,6,-11,-1044,0
3.712,14,0,-1078,0
3.714,9,8,-1070,0
3.717,2,4,-1070,0
3.719,0,-4,-1036,0
3.722,5,-8,-1057,0
3.725,2,-3,-1056,0
3.727,-4,6,-1074,0
3.730,2,2,-1052,0
3.732,3,-1,-1056,0
3.735,2,-8,-1076,0
3.738,0,-6,-1061,0
3.740,13,-6,-1043,0
3.743,6,-4,-1088,0
3.746,4,-1,-1070,0
3.748,5,-3,-1063,0
3.751,4,-4,-1038,0
3.753,4,-6,-1053,0
3.756,5,-2,-1054,0
3.759,2,-8,-1060,0
3.761,9,-18,-1058,0
3.764,5,-1,-1062,0
3.767,-8,46,-1080,0
3.769,1,11,-1050,0
3.772,2,3,-1062,0
3.774,2,8,-1070,0
3.777,-1,4,-1060,0
3.780,4,-7,-1054,0
3.782,12,0,-1052,0
3.785,6,2,-1060,0
3.787,3,0,-1052,0
3.790,10,2,-1060,0
3.793,9,-5,-1056,0
3.795,9,-5,-1038,0
3.798,4,2,-1088,0
3.801,3,1,-1076,0
3.803,3,0,-1049,0
3.806,20,2,-1062,0
3.808,8,1,-1065,0
3.811,3,-2,-1050,0
3.814,22,4,-1066,0
3.816,12,1,-1071,0
3.819,7,2,-1060,0
3.822,6,-6,-1052,0
3.824,7,-3,-1053,0
3.827,5,3,-1058,0
3.829,2,-2,-1070,0
3.832,9,-6,-1051,0
3.835,7,-1,-1064,0
3.837,-2,2,-1066,0
3.840,4,-1,-1060,0
3.843,5,-2,-1057,0
3.845,2,-2,-1056,0
3.848,6,-4,-1041,0
3.850,9,-2,-1062,0
3.853,-4,-2,-1056,0
3.856,6,-5,-1038,0
3.858,11,-4,-1053,0
3.861,2,4,-1072,0
3.864,-1,-1,-1052,0
3.866,2,-4,-1055,0
3.869,6,-4,-1056,0
3.871,8,-1,-1055,0
3.874,5,-3,-1052,0
3.877,2,2,-1056,0
3.879,3,0,-1056,0
3.882,2,2,-1061,0
3.885,2,-4,-1042,0
3.887,3,-2,-1051,0
3.890,3,1,-1060,0
3.892,2,-2,-1038,0
3.895,5,-5,-1049,0
3.898,3,-3,-1050,0
3.900,4,2,-1068,0
3.903,4,0,-1062,0
3.905,3,1,-1058,0
3.908,2,8,-1066,0
3.911,3,5,-1058,0
3.913,3,2,-1063,0
3.916,4,-4,-1044,0
3.919,5,-4,-1056,0
3.921,2,-4,-1056,0
3.924,6,2,-1058,0
3.926,3,1,-1053,0
3.929,8,-2,-1048,0
3.932,8,0,-1050,0
3.934,10,0,-1055,0
3.937,8,1,-1051,0
3.939,10,0,-1064,0
3.942,8,-1,-1062,0
3.945,6,-2,-1056,0
3.947,12,0,-1062,0
3.950,12,0,-1060,0
3.953,12,-1,-1061,0
3.955,8,0,-1060,0
3.958,11,1,-1058,0
3.960,7,2,-1060,0
3.963,2,2,-1046,0
3.966,6,3,-1054,0
3.968,10,2,-1049,0
3.971,8,4,-1052,0
3.973,5,4,-1051,0
3.976,6,0,-1057,0
3.979,8,6,-1062,0
3.981,12,5,-1057,0
3.984,7,4,-1060,0
3.987,12,-4,-1054,0
3.989,9,-2,-1051,0
3.992,6,-5,-1050,0
3.994,2,-2,-1058,0
3.997,7,0,-1057,0
4.000,5,0,-1060,0
4.002,6,-4,-1038,0
4.005,5,-3,-1042,0
4.008,6,-1,-1042,0
4.010,2,-2,-1062,0
4.013,8,0,-1058,0
4.015,5,-4,-1054,0
4.018,2,4,-1054,0
4.021,4,3,-1055,0
4.023,4,1,-1062,0
4.026,4,-10,-1062,0
4.029,3,-5,-1055,0
4.031,1,-6,-1061,0
4.034,-4,-18,-1044,0
4.036,-15,-30,-1134,0
4.039,2,-33,-1154,0
4.042,48,-50,-1262,0
4.044,-15,-124,-1343,0
4.047,-20,-147,-1368,0
4.049,114,-10,-1206,0
4.052,83,-13,-1174,0
4.055,10,-53,-1208,0
4.057,-40,-70,-1242,0
4.060,25,-50,-1184,0
4.063,52,-33,-1183,0
4.065,-14,-68,-1224,0
4.068,-33,-38,-1275,0
4.070,-8,-64,-1280,0
4.073,44,-98,-1272,0
4.076,37,-88,-1304,0
4.078,22,-79,-1318,0
4.081,10,-70,-1280,0
4.083,8,-68,-1266,0
4.086,-2,-45,-1262,0
4.089,-20,-12,-1264,0
4.091,-16,-22,-1256,0
4.094,-8,-18,-1243,0
4.097,4,-2,-1224,0
4.099,4,-2,-1220,0
4.102,11,-1,-1215,0
4.104,6,-12,-1184,0
4.107,-3,-4,-1176,0
4.110,-13,17,-1174,0
4.112,-22,44,-1164,0
4.115,-15,51,-1157,0
4.118,-6,55,-1144,0
4.120,10,60,-1136,0
4.123,3,63,-1121,0
4.125,0,71,-1117,0
4.128,-6,84,-1084,0
4.131,-12,90,-1086,0
4.133,-8,89,-1081,0
4.136,10,124,-1066,0
4.139,12,126,-1049,0
4.141,14,138,-1039,0
4.144,8,168,-1010,0
4.146,7,171,-998,0
4.149,3,176,-987,0
4.152,-4,192,-968,0
4.154,-4,199,-960,0
4.157,2,208,-949,0
4.159,16,232,-934,0
4.162,12,235,-917,0
4.165,17,247,-899,0
4.167,18,278,-842,0
4.170,17,288,-831,0
4.173,8,305,-810,0
4.175,2,332,-780,0
4.178,0,343,-762,0
4.180,2,357,-737,0
4.183,10,398,-678,0
4.186,13,409,-660,0
4.188,13,426,-630,0
4.191,16,470,-554,0
4.194,14,480,-538,0
4.196,10,494,-507,0
4.199,14,528,-436,0
4.201,19,534,-415,0
4.204,18,548,-384,0
4.207,10,584,-318,0
4.209,9,593,-304,0
4.212,4,603,-288,0
4.215,-12,604,-268,0
4.217,-17,594,-265,0
4.220,-15,586,-282,0
4.222,-14,558,-300,0
4.225,-5,552,-311,0
4.228,3,541,-334,0
4.230,12,500,-370,0
4.233,10,483,-389,0
4.235,3,462,-424,0
4.238,-8,406,-496,0
4.241,-7,392,-516,0
4.243,-1,371,-536,0
4.246,6,316,-592,0
4.249,5,302,-608,0
4.251,6,277,-631,0
4.254,4,226,-674,0
4.256,2,210,-699,0
4.259,0,187,-721,0
4.262,-8,132,-796,0
4.264,-5,112,-827,0
4.267,-5,80,-878,0
4.270,2,2,-1000,0
4.272,6,-11,-1037,0
4.275,11,-36,-1092,0
4.277,16,-106,-1234,0
4.280,17,-121,-1272,0
4.283,18,-141,-1335,0
4.285,48,-204,-1456,0
4.288,79,-220,-1450,0
4.290,78,-215,-1435,0
4.293,-2,-186,-1470,0
4.296,-48,-206,-1532,0
4.298,-75,-231,-1641,0
4.301,-44,-282,-1878,0
4.304,38,-444,-1959,0
4.306,104,-412,-2000,0
4.309,626,-572,-1110,0
4.311,52,-555,-1056,0
4.314,-103,-353,-1332,0
4.317,220,414,-1068,0
4.319,149,259,-890,0
4.322,-9,47,-1048,0
4.324,-58,-212,-1362,0
4.327,63,-108,-1269,0
4.330,92,-36,-1265,0
4.332,-124,-186,-1576,0
4.335,-140,-227,-1661,0
4.338,-53,-196,-1654,0
4.340,148,-172,-1556,0
4.343,121,-219,-1594,0
4.345,62,-261,-1677,0
4.348,-4,-260,-1688,0
4.351,27,-208,-1618,0
4.353,40,-165,-1528,0
4.356,16,-126,-1394,0
4.359,8,-119,-1351,0
4.361,10,-98,-1269,0
4.364,28,-4,-1028,0
4.366,27,32,-963,0
4.369,17,75,-881,0
4.372,0,180,-686,0
4.374,-3,199,-616,0
4.377,-3,250,-525,0
4.379,-18,398,-328,0
4.382,-25,430,-303,0
4.385,-32,467,-256,0
4.387,-38,538,-164,0
4.390,-45,562,-136,0
4.393,-54,587,-106,0
4.395,-72,626,-60,0
4.398,-72,635,-49,0
4.400,-63,638,-40,0
4.403,-36,642,-30,0
4.406,-33,634,-38,0
4.408,-25,611,-64,0
4.411,-12,560,-168,0
4.413,-10,540,-202,0
4.416,-3,510,-243,0
4.419,20,430,-348,0
4.421,21,412,-387,0
4.424,24,381,-453,0
4.427,18,290,-584,0
4.429,8,266,-623,0
4.432,3,233,-683,0
4.434,0,148,-826,0
4.437,2,126,-866,0
4.440,3,93,-931,0
4.442,2,26,-1092,0
4.445,8,9,-1117,0
4.447,11,-23,-1173,0
4.450,14,-92,-1294,0
4.453,20,-106,-1336,0
4.455,22,-127,-1391,0
4.458,26,-180,-1504,0
4.461,26,-190,-1547,0
4.463,26,-207,-1597,0
4.466,32,-236,-1704,0
4.468,28,-248,-1728,0
4.471,27,-259,-1765,0
4.474,26,-302,-1846,0
4.476,26,-309,-1860,0
4.479,33,-316,-1864,0
4.482,40,-300,-1864,0
4.484,40,-290,-1845,0
4.487,35,-279,-1810,0
4.489,34,-244,-1724,0
4.492,34,-235,-1684,0
4.495,31,-217,-1642,0
4.497,14,-188,-1570,0
4.500,19,-175,-1559,0
4.502,26,-171,-1530,0
4.505,40,-150,-1462,0
4.508,30,-153,-1456,0
4.510,21,-136,-1434,0
4.513,16,-96,-1374,0
4.516,25,-84,-1347,0
4.518,26,-74,-1298,0
4.521,14,-26,-1206,0
4.523,11,-1,-1179,0
4.526,13,27,-1123,0
4.529,16,86,-974,0
4.531,10,107,-929,0
4.534,7,135,-857,0
4.537,6,226,-694,0
4.539,2,249,-644,0
4.542,3,285,-572,0
4.544,4,376,-392,0
4.547,-1,408,-342,0
4.550,-8,447,-262,0
4.552,-18,540,-106,0
4.555,-25,560,-73,0
4.558,-35,593,-25,0
4.560,-54,650,42,0
4.563,-59,654,53,0
4.565,-64,645,50,0
4.568,-54,596,28,0
4.571,-40,572,19,0
4.573,-23,545,4,0
4.576,6,480,-40,0
4.579,12,466,-48,0
4.581,12,439,-87,0
4.584,4,366,-152,0
4.586,3,343,-181,0
4.589,0,299,-223,0
4.592,-4,190,-332,0
4.594,-8,156,-385,0
4.597,-5,115,-452,0
4.600,14,-4,-590,0
4.602,17,-25,-657,0
4.605,18,-86,-800,0
4.607,36,-1106,-1196,0
4.610,32,139,-1618,0
4.613,272,-647,-132,0
4.615,-172,-156,906,0
4.618,8,672,-16,0
4.621,-39,190,479,0
4.623,258,488,20,0
4.626,291,189,-367,0
4.629,157,-211,-956,0
4.631,-242,-640,-2040,0
4.634,31,-325,-2026,0
4.636,42,-311,-1727,0
4.639,-244,-178,-894,0
4.642,-142,59,-770,0
4.644,-40,149,-717,0
4.647,-38,-74,-982,0
4.650,-46,-115,-1041,0
4.652,9,-45,-1023,0
4.655,112,26,-1030,0
4.657,66,-51,-1138,0
4.660,27,-111,-1264,0
4.663,54,-134,-1378,0
4.665,60,-134,-1402,0
4.668,38,-179,-1483,0
4.671,4,-264,-1594,0
4.673,25,-220,-1554,0
4.676,39,-169,-1484,0
4.678,46,-92,-1354,0
4.681,39,-95,-1331,0
4.684,40,-80,-1270,0
4.686,52,-2,-1126,0
4.689,45,16,-1103,0
4.691,29,15,-1074,0
4.694,6,40,-1024,0
4.697,8,51,-1009,0
4.699,9,76,-991,0
4.702,24,108,-946,0
4.705,15,116,-938,0
4.707,5,130,-931,0
4.710,-4,136,-874,0
4.712,-5,146,-860,0
4.715,-3,168,-859,0
4.718,-2,210,-834,0
4.720,-4,217,-814,0
4.723,-1,231,-783,0
4.725,-10,292,-724,0
4.728,-10,299,-702,0
4.731,-13,310,-660,0
4.733,-28,326,-578,0
4.736,-31,334,-570,0
4.739,-36,331,-555,0
4.741,-56,330,-514,0
4.744,-48,333,-524,0
4.746,-35,336,-543,0
4.749,-12,308,-592,0
4.752,-7,290,-613,0
4.754,-8,275,-664,0
4.757,-8,236,-762,0
4.760,-6,218,-777,0
4.762,-2,196,-803,0
4.765,0,158,-892,0
4.767,-2,147,-917,0
4.770,-4,122,-942,0
4.773,0,78,-1000,0
4.775,4,75,-1016,0
4.778,3,57,-1043,0
4.780,-4,20,-1082,0
4.783,-1,15,-1099,0
4.786,7,14,-1116,0
4.788,18,-4,-1134,0
4.791,19,-7,-1131,0
4.794,19,-14,-1135,0
4.796,16,-24,-1142,0
4.799,15,-27,-1146,0
4.801,15,-31,-1139,0
4.804,24,-38,-1118,0
4.807,22,-35,-1122,0
4.809,23,-34,-1116,0
4.812,26,-32,-1124,0
4.814,22,-33,-1119,0
4.817,25,-34,-1119,0
4.820,32,-28,-1104,0
4.822,57,-60,-1148,0
4.825,67,-109,-1351,0
4.828,10,-304,-1888,0
4.830,-3,-316,-1900,0
4.833,4,-257,-1785,0
4.835,10,-94,-1348,0
4.838,4,-53,-1198,0
4.841,3,-1,-1017,0
4.843,30,116,-714,0
4.846,23,118,-723,0
4.849,17,95,-790,0
4.851,6,24,-984,0
4.854,7,4,-1055,0
4.856,6,-17,-1137,0
4.859,6,-52,-1246,0
4.862,7,-45,-1234,0
4.864,3,-30,-1190,0
4.867,-6,4,-1064,0
4.870,-2,13,-1037,0
4.872,0,22,-1012,0
4.875,4,34,-994,0
4.877,5,33,-1011,0
4.880,4,24,-1028,0
4.883,0,8,-1066,0
4.885,5,7,-1061,0
4.888,7,10,-1088,0
4.891,-10,-28,-1126,0
4.893,-8,-20,-1101,0
4.896,0,-4,-1060,0
4.898,-2,14,-1002,0
4.901,-4,9,-1049,0
4.904,-4,-3,-1088,0
4.906,12,-10,-1030,0
4.909,8,0,-1032,0
4.912,3,4,-1056,0
4.914,-4,-4,-1064,0
4.917,0,-5,-1060,0
4.919,-1,-3,-1058,0
4.922,2,-2,-1052,0
4.925,2,-3,-1059,0
4.927,2,-9,-1060,0
4.930,-6,-8,-1052,0
4.933,-3,-8,-1048,0
4.935,-3,-6,-1055,0
4.938,-2,0,-1060,0
4.940,5,9,-1052,0
4.943,-1,-7,-1062,0
4.946,-8,-64,-1070,0
4.948,4,-23,-1054,0
4.951,4,-14,-1047,0
4.954,-2,-20,-1050,0
4.956,6,-19,-1049,0
4.959,7,-11,-1052,0
4.961,10,-6,-1054,0
4.964,8,-5,-1055,0
4.967,9,-8,-1052,0
4.969,8,-8,-1052,0
4.972,13,-7,-1057,0
4.975,8,-10,-1053,0
4.977,24,-16,-1056,0
4.980,19,-9,-1054,0
4.982,15,-7,-1049,0
4.985,14,-6,-1054,0
4.988,14,-1,-1053,0
4.990,15,-4,-1058,0
4.993,18,-2,-1048,0
4.996,18,-1,-1058,0
4.998,15,-2,-1055,0
5.001,4,6,-1060,0
5.003,8,2,-1056,0
5.006,9,2,-1054,0
5.009,8,-2,-1048,0
5.011,5,2,-1050,0
5.014,4,3,-1054,0
5.016,-6,12,-1064,0
5.019,0,11,-1060,0
5.022,-1,14,-1062,0
5.024,4,12,-1062,0
5.027,5,14,-1059,0
5.029,2,13,-1063,0
5.032,0,14,-1060,0
5.035,-2,15,-1055,0
5.037,-1,14,-1055,0
5.040,0,22,-1060,0
5.043,0,18,-1053,0
5.045,1,18,-1058,0
5.048,2,14,-1060,0
5.050,1,15,-1060,0
5.053,1,9,-1054,0
5.056,0,2,-1062,0
5.058,0,3,-1057,0
5.061,0,5,-1058,0
5.064,2,-4,-1062,0
5.066,0,-7,-1053,0
5.069,1,-8,-1053,0
5.071,4,-4,-1054,0
5.074,2,-6,-1057,0
5.077,5,-8,-1053,0
5.079,-2,-20,-1048,0
5.082,1,-18,-1050,0
5.085,0,-17,-1054,0
5.087,2,-18,-1042,0
5.090,1,-16,-1045,0
5.092,3,-20,-1045,0
5.095,6,-22,-1056,0
5.098,8,-19,-1056,0
5.100,6,-17,-1052,0
5.103,-2,-16,-1058,0
5.106,5,-11,-1060,0
5.108,6,-13,-1061,0
5.111,0,-14,-1058,0
5.113,4,-11,-1054,0
5.116,11,-10,-1054,0
5.119,16,-6,-1056,0
5.121,17,-8,-1055,0
5.124,18,-10,-1051,0
5.126,12,-4,-1044,0
5.129,7,-2,-1049,0
5.132,6,0,-1051,0
5.134,20,0,-1064,0
5.137,16,1,-1061,0
5.140,13,1,-1060,0
5.142,10,0,-1068,0
5.145,11,1,-1057,0
5.147,7,0,-1059,0
5.150,2,10,-1060,0
5.153,2,6,-1055,0
5.155,14,12,-1052,0
5.158,10,34,-1036,0
5.161,6,12,-1056,0
5.163,8,-3,-1056,0
5.166,18,8,-1044,0
5.168,16,21,-1054,0
5.171,9,14,-1065,0
5.174,12,4,-1042,0
5.176,13,-2,-1052,0
5.179,7,6,-1043,0
5.181,-8,2,-1078,0
5.184,4,6,-1059,0
5.187,3,3,-1063,0
5.189,0,18,-1028,0
5.192,-1,9,-1056,0
5.195,9,10,-1049,0
5.197,-66,2,-1076,0
5.200,-24,6,-1065,0
5.202,16,-15,-1030,0
5.205,6,24,-1034,0
5.208,-7,28,-1053,0
5.210,-16,10,-1082,0
5.213,4,-12,-1000,0
5.215,7,-10,-1027,0
5.218,2,1,-1048,0
5.221,-14,-12,-1068,0
5.223,-11,-12,-1051,0
5.226,-3,-9,-1054,0
5.229,0,-8,-1054,0
5.231,-3,-13,-1047,0
5.234,-3,-10,-1048,0
5.236,0,-6,-1058,0
5.239,4,-6,-1058,0
5.242,3,-7,-1057,0
5.244,0,-10,-1044,0
5.247,2,-8,-1043,0
5.250,3,-7,-1051,0
5.252,8,-8,-1064,0
5.255,6,-8,-1055,0
5.257,7,-9,-1052,0
5.260,2,-12,-1054,0
5.263,4,-13,-1051,0
5.265,4,-10,-1054,0
5.268,2,-4,-1052,0
5.270,6,-5,-1051,0
5.273,8,-7,-1045,0
5.276,10,2,-1054,0
5.278,8,-3,-1053,0
5.281,8,-2,-1057,0
5.284,6,-4,-1052,0
5.286,11,-1,-1053,0
5.289,11,-2,-1051,0
5.291,10,-2,-1066,0
5.294,9,0,-1062,0
5.297,9,2,-1059,0
5.299,10,0,-1060,0
5.302,10,2,-1058,0
5.304,7,2,-1060,0
5.307,10,-4,-1050,0
5.310,8,-1,-1053,0
5.312,10,0,-1054,0
5.315,4,0,-1050,0
5.318,6,2,-1054,0
5.320,7,3,-1051,0
5.323,10,4,-1054,0
5.325,7,4,-1058,0
5.328,8,6,-1064,0
5.331,10,2,-1062,0
5.333,9,3,-1063,0
5.336,8,0,-1056,0
5.338,4,-2,-1058,0
5.341,3,-2,-1052,0
5.344,1,0,-1053,0
5.346,2,0,-1048,0
5.349,2,-1,-1045,0
5.352,1,-2,-1047,0
5.354,6,0,-1056,0
5.357,4,-1,-1049,0
5.359,3,-2,-1051,0
5.362,0,-4,-1054,0
5.365,-2,-1,-1053,0
5.367,-1,-4,-1058,0
5.370,-4,-8,-1044,0
5.372,-1,-8,-1048,0
5.375,0,-5,-1048,0
5.378,-4,-12,-1058,0
5.380,0,-6,-1051,0
5.383,0,-5,-1056,0
5.386,2,-8,-1054,0
5.388,-1,-8,-1053,0
5.391,4,-5,-1053,0
5.393,4,-4,-1058,0
5.396,-1,-4,-1056,0
5.399,0,-4,-1054,0
5.401,8,-4,-1062,0
5.404,5,-6,-1058,0
5.406,5,-5,-1054,0
5.409,2,-8,-1056,0
5.412,1,-5,-1052,0
5.414,2,-7,-1059,0
5.417,2,0,-1068,0
5.420,5,-4,-1060,0
5.422,4,-3,-1052,0
5.425,4,-8,-1052,0
5.427,7,-6,-1053,0
5.430,7,-4,-1059,0
5.433,12,-4,-1064,0
5.435,9,-3,-1059,0
5.438,12,-3,-1057,0
5.441,14,-4,-1060,0
5.443,11,-2,-1061,0
5.446,9,0,-1063,0
5.449,12,-4,-1052,0
5.451,8,-5,-1057,0
5.454,9,-4,-1054,0
5.456,10,4,-1052,0
5.459,9,4,-1057,0
5.462,10,1,-1054,0
5.464,12,-2,-1058,0
5.467,6,0,-1061,0
5.470,9,2,-1065,0
5.472,6,0,-1056,0
5.475,8,-2,-1063,0
5.477,6,1,-1055,0
5.480,10,4,-1056,0
5.483,7,5,-1051,0
5.485,9,4,-1052,0
5.488,12,4,-1054,0
5.490,9,6,-1054,0
5.493,7,6,-1055,0
5.496,6,6,-1076,0
5.498,6,4,-1071,0
5.501,3,1,-1053,0
5.504,4,-2,-1058,0
5.506,5,-4,-1055,0
5.509,6,-1,-1055,0
5.511,0,4,-1048,0
5.514,2,-1,-1056,0
5.517,-1,-5,-1047,0
5.519,4,-6,-1062,0
5.522,1,-5,-1059,0
5.525,2,-9,-1056,0
5.527,-2,-6,-1040,0
5.530,-1,-3,-1047,0
5.532,1,-6,-1049,0
5.535,0,-4,-1048,0
5.538,-1,-7,-1056,0
5.540,-3,-8,-1053,0
5.543,0,-2,-1050,0
5.545,-1,-6,-1047,0
5.548,0,-8,-1051,0
5.551,-2,-8,-1058,0
5.553,0,-6,-1053,0
5.556,-3,-3,-1057,0
5.559,-2,-8,-1052,0
5.561,-2,-3,-1056,0
5.564,-3,-6,-1057,0
5.566,4,-4,-1050,0
5.569,1,-3,-1057,0
5.572,3,-2,-1050,0
5.574,6,0,-1056,0
5.577,-2,0,-1063,0
5.579,-2,-1,-1061,0
5.582,4,0,-1072,0
5.585,8,-1,-1060,0
5.587,5,0,-1057,0
5.590,-4,4,-1064,0
5.593,2,2,-1052,0
5.595,4,1,-1055,0
5.598,10,2,-1056,0
5.600,7,3,-1062,0
5.603,5,0,-1057,0
5.606,8,4,-1064,0
5.608,7,0,-1051,0
5.611,7,2,-1054,0
5.614,6,2,-1062,0
5.616,7,2,-1060,0
5.619,6,2,-1057,0
5.621,2,0,-1054,0
5.624,8,0,-1055,0
5.627,9,1,-1050,0
5.629,10,0,-1060,0
5.632,8,0,-1059,0
5.635,9,0,-1057,0
5.637,8,0,-1052,0
5.640,10,-2,-1052,0
5.642,14,0,-1053,0
5.645,20,-4,-1058,0
5.648,14,-3,-1056,0
5.650,17,-7,-1051,0
5.653,18,-8,-1046,0
5.655,10,-6,-1048,0
5.658,13,-5,-1050,0
5.661,14,-10,-1054,0
5.663,12,-10,-1050,0
5.666,12,-7,-1057,0
5.669,12,-6,-1062,0
5.671,10,-6,-1060,0
5.674,7,-5,-1050,0
5.676,10,-6,-1046,0
5.679,7,-8,-1051,0
5.682,6,-6,-1050,0
5.684,4,-8,-1050,0
5.687,3,-9,-1057,0
5.690,5,-3,-1059,0
5.692,4,-6,-1058,0
5.695,5,-3,-1059,0
5.697,3,-1,-1062,0
5.700,4,0,-1052,0
5.703,3,0,-1056,0
5.705,3,1,-1060,0
5.708,2,0,-1058,0
5.710,-1,2,-1061,0
5.713,2,2,-1059,0
5.716,4,2,-1062,0
5.718,4,2,-1057,0
5.721,5,2,-1056,0
5.724,2,6,-1068,0
5.726,0,5,-1064,0
5.729,1,4,-1052,0
5.731,-6,0,-1052,0
5.734,-2,2,-1050,0
5.737,-3,1,-1050,0
5.739,8,6,-1056,0
5.742,6,6,-1057,0
5.744,6,5,-1060,0
5.747,-6,10,-1070,0
5.750,-3,9,-1065,0
5.752,-1,7,-1067,0
5.755,0,6,-1064,0
5.758,0,2,-1061,0
5.760,-1,0,-1055,0
5.763,2,6,-1064,0
5.765,2,7,-1061,0
5.768,1,5,-1059,0
5.771,8,2,-1056,0
5.773,9,4,-1060,0
5.776,4,2,-1056,0
5.778,10,6,-1056,0
5.781,7,2,-1053,0
5.784,3,5,-1056,0
5.786,4,-2,-1058,0
5.789,8,2,-1055,0
5.792,8,0,-1054,0
5.794,12,0,-1060,0
5.797,9,-2,-1056,0
5.799,11,1,-1052,0
5.802,14,-4,-1042,0
5.805,9,-6,-1045,0
5.807,9,-6,-1045,0
5.810,6,-14,-1050,0
5.813,6,-12,-1051,0
5.815,9,-10,-1046,0
5.818,14,-12,-1052,0
5.820,14,-12,-1056,0
5.823,14,-12,-1054,0
5.826,8,-6,-1056,0
5.828,9,-8,-1053,0
5.831,6,-8,-1052,0
5.833,12,-8,-1066,0
5.836,13,-8,-1059,0
5.839,12,-6,-1053,0
5.841,10,-10,-1048,0
5.844,10,-10,-1053,0
5.847,7,-7,-1053,0
5.849,8,-4,-1060,0
5.852,7,-6,-1056,0
5.854,5,-6,-1055,0
5.857,0,-6,-1064,0
5.860,0,-4,-1056,0
5.862,1,-5,-1052,0
5.865,8,-4,-1048,0
5.868,4,-5,-1047,0
5.870,1,-2,-1047,0
5.873,-2,-4,-1052,0
5.875,0,-6,-1055,0
5.878,0,-6,-1054,0
5.881,2,-2,-1044,0
5.883,2,-2,-1050,0
5.886,-1,1,-1053,0
5.888,0,-4,-1060,0
5.891,2,0,-1061,0
5.894,1,1,-1058,0
5.896,2,4,-1062,0
5.899,1,1,-1061,0
5.902,-2,1,-1064,0
5.904,6,6,-1058,0
5.907,3,5,-1057,0
5.909,0,5,-1063,0
5.912,-2,0,-1054,0
5.915,1,3,-1053,0
5.917,3,5,-1062,0
5.920,8,-4,-1056,0
5.922,7,2,-1064,0
5.925,7,4,-1064,0
5.928,12,2,-1054,0
5.930,6,3,-1048,0
5.933,8,3,-1052,0
5.936,6,8,-1054,0
5.938,3,7,-1052,0
5.941,3,2,-1042,0
5.943,8,4,-1066,0
5.946,8,3,-1061,0
5.949,9,3,-1057,0
5.951,10,0,-1044,0
5.954,12,-2,-1045,0
5.956,12,-3,-1051,0
5.959,12,-4,-1058,0
5.962,10,-3,-1058,0
5.964,11,-3,-1060,0
5.967,6,-2,-1058,0
5.970,5,-6,-1058,0
5.972,5,-6,-1049,0
5.975,8,-8,-1048,0
5.977,8,-8,-1049,0
5.980,9,-9,-1053,0
5.983,12,-12,-1050,0
5.985,10,-8,-1049,0
5.988,10,-8,-1051,0
5.990,6,-16,-1056,0
5.993,5,-13,-1054,0
5.996,8,-9,-1053,0
5.998,6,-10,-1050,0
6.001,5,-9,-1043,0
6.003,6,-9,-1048,0
6.006,4,-2,-1058,0
6.009,7,-5,-1062,0
6.011,7,-8,-1055,0
6.014,6,-6,-1056,0
6.017,5,-5,-1054,0
6.019,3,-5,-1051,0
6.022,2,0,-1044,0
6.024,1,0,-1048,0
6.027,2,-1,-1051,0
6.030,8,0,-1056,0
6.032,6,-1,-1059,0
6.035,1,2,-1058,0
6.037,-2,-2,-1052,0
6.040,-1,0,-1051,0
6.043,-2,3,-1053,0
6.045,0,6,-1064,0
6.048,-1,5,-1061,0
6.051,-3,5,-1060,0
6.053,0,6,-1050,0
6.056,0,7,-1057,0
6.058,3,6,-1056,0
6.061,0,4,-1046,0
6.064,-1,6,-1050,0
6.066,-1,4,-1049,0
6.069,0,6,-1070,0
6.072,2,4,-1065,0
6.074,5,4,-1065,0
6.077,10,4,-1048,0
6.079,9,4,-1048,0
6.082,6,2,-1044,0
6.085,0,4,-1062,0
6.087,6,4,-1059,0
6.090,8,0,-1056,0
6.093,8,6,-1058,0
6.095,9,2,-1058,0
6.098,11,1,-1059,0
6.100,0,4,-1058,0
6.103,4,-2,-1055,0
6.106,6,-2,-1061,0
6.108,10,-6,-1050,0
6.111,8,-5,-1050,0
6.113,6,-5,-1057,0
6.116,2,-6,-1042,0
6.119,7,-5,-1046,0
6.121,4,-4,-1056,0
6.124,8,-2,-1054,0
6.127,11,-1,-1057,0
6.129,7,-3,-1057,0
6.132,2,-4,-1060,0
6.134,6,-5,-1063,0
6.137,6,-5,-1063,0
6.140,10,-4,-1050,0
6.142,5,-5,-1044,0
6.145,4,-5,-1052,0
6.148,0,-2,-1062,0
6.150,5,-2,-1054,0
6.153,8,-1,-1051,0
6.155,6,-6,-1022,0
6.158,9,-5,-1040,0
6.161,4,-5,-1064,0
6.163,10,-4,-1076,0
6.166,6,-7,-1058,0
6.168,10,-6,-1048,0
6.171,6,-4,-1096,0
6.174,4,-3,-1084,0
6.176,3,0,-1051,0
6.182,3,-2,-1036,0
6.184,2,-1,-1077,0
6.187,-4,4,-1030,0
6.189,0,4,-1018,0
6.192,4,3,-1063,0
6.195,2,4,-1110,0
6.197,-5,2,-1049,0
6.200,-1,3,-1022,0
6.202,10,14,-1136,0
6.205,-2,12,-1121,0
6.208,-6,4,-1060,0
6.210,6,2,-1032,0
6.213,4,6,-1065,0
6.216,-7,10,-1071,0
6.218,0,-8,-1006,0
6.221,2,-4,-1023,0
6.223,-3,0,-1047,0
6.226,-4,0,-1046,0
6.229,1,-2,-1055,0
6.231,2,-3,-1062,0
6.234,-6,4,-1072,0
6.236,-2,30,-1064,0
6.239,7,74,-1081,0
6.242,-6,6,-1022,0
6.244,-7,-68,-1017,0
6.247,-2,-90,-1083,0
6.250,-8,86,-1046,0
6.252,3,104,-1037,0
6.255,21,58,-1053,0
6.257,-22,-36,-1030,0
6.260,-30,-12,-1056,0
6.263,-18,-12,-1086,0
6.265,36,24,-1092,0
6.268,0,115,-1049,0
6.270,-61,205,-1086,0
6.273,-150,228,-1112,0
6.276,-134,180,-1101,0
6.278,-129,159,-1115,0
6.281,-90,172,-1090,0
6.284,-75,152,-1077,0
6.286,-57,111,-1074,0
6.289,-26,8,-1034,0
6.291,-15,-9,-1051,0
6.294,-10,-14,-1046,0
6.297,20,-54,-1004,0
6.299,32,-67,-1019,0
6.302,30,-75,-1022,0
6.304,64,-118,-1020,0
6.307,87,-135,-1062,0
6.310,93,-141,-1077,0
6.312,92,-84,-1076,0
6.315,82,-86,-1092,0
6.318,73,-81,-1077,0
6.320,74,-82,-1018,0
6.323,65,-75,-1021,0
6.325,51,-64,-1027,0
6.328,26,-56,-1020,0
6.331,22,-47,-1014,0
6.333,19,-51,-1025,0
6.336,36,-68,-1050,0
6.338,36,-79,-1042,0
6.341,40,-80,-1043,0
6.344,68,-102,-1044,0
6.346,75,-100,-1045,0
6.349,85,-115,-1044,0
6.351,90,-46,-1018,0
6.354,84,-53,-1050,0
6.357,79,-68,-1062,0
6.359,80,-98,-1030,0
6.362,78,-107,-1036,0
6.365,66,-119,-1045,0
6.367,32,-94,-1026,0
6.370,20,-77,-1036,0
6.372,2,-52,-1037,0
6.375,-32,12,-1064,0
6.378,-35,27,-1069,0
6.380,-33,39,-1070,0
6.383,-10,66,-1050,0
6.385,-8,75,-1053,0
6.388,5,69,-1053,0
6.391,20,38,-1036,0
6.393,17,34,-1046,0
6.396,9,44,-1062,0
6.399,-4,70,-1110,0
6.401,-4,81,-1103,0
6.404,-6,84,-1096,0
6.406,0,98,-1096,0
6.409,-1,84,-1085,0
6.412,-15,49,-1090,0
6.414,-62,-14,-1088,0
6.417,-61,-14,-1093,0
6.419,-47,-9,-1086,0
6.422,-36,-6,-1070,0
6.425,-37,-20,-1071,0
6.427,-37,-41,-1097,0
6.430,-22,-78,-1106,0
6.433,-28,-91,-1090,0
6.435,-43,-73,-1080,0
6.438,-42,-68,-1124,0
6.440,-41,-102,-1121,0
6.443,-42,-93,-1101,0
6.446,-40,-108,-1148,0
6.448,-36,-111,-1179,0
6.451,-25,-107,-1223,0
6.453,-14,-94,-1312,0
6.456,-7,-96,-1334,0
6.459,-8,-95,-1348,0
6.461,-8,-94,-1396,0
6.464,-10,-119,-1427,0
6.466,-11,-142,-1467,0
6.469,-18,-190,-1558,0
6.472,-26,-205,-1570,0
6.474,-35,-222,-1600,0
6.477,-62,-254,-1656,0
6.480,-63,-255,-1672,0
6.482,-78,-230,-1681,0
6.485,-168,-118,-1688,0
6.487,-217,-63,-1711,0
6.490,-285,-9,-1775,0
6.493,-372,0,-1968,0
6.495,-349,-44,-2001,0
6.498,-305,-110,-2021,0
6.500,-190,-226,-2008,0
6.503,-143,-226,-1974,0
6.506,-79,-217,-1907,0
6.508,32,-214,-1766,0
6.511,42,-217,-1732,0
6.514,37,-229,-1683,0
6.516,4,-278,-1574,0
6.519,-21,-294,-1542,0
6.521,-61,-320,-1473,0
6.524,-132,-322,-1286,0
6.527,-155,-317,-1205,0
6.529,-177,-288,-1106,0
6.532,-230,-206,-880,0
6.534,-237,-179,-827,0
6.537,-247,-153,-745,0
6.540,-244,-102,-564,0
6.542,-245,-87,-514,0
6.545,-232,-61,-423,0
6.548,-194,40,-222,0
6.550,-183,90,-141,0
6.553,-172,179,-29,0
6.555,-136,386,236,0
6.558,-133,432,323,0
6.561,-134,486,442,0
6.563,-120,562,724,0
6.566,-109,573,794,0
6.569,-85,578,882,0
6.571,-18,588,1100,0
6.574,6,590,1140,0
6.576,42,590,1202,0
6.579,134,570,1310,0
6.582,150,572,1320,0
6.584,169,566,1320,0
6.587,182,518,1300,0
6.590,161,499,1266,0
6.592,128,460,1192,0
6.595,26,354,990,0
6.597,-9,322,914,0
6.600,-67,268,771,0
6.603,-190,130,428,0
6.605,-207,104,282,0
6.608,-235,67,59,0
6.611,-286,-14,-494,0
6.613,-300,-46,-659,0
6.616,-317,-101,-925,0
6.618,-348,-240,-1554,0
6.621,-350,-284,-1735,0
6.624,-328,-375,-1888,0
6.626,-210,-686,-2040,0
6.629,-199,-720,-2040,0
6.631,-173,-757,-2040,0
6.634,-1616,1166,-1244,0
6.637,-1797,-437,-1642,0
6.639,108,-867,-1486,0
6.642,684,-2040,-2040,0
6.645,801,-1706,-2035,0
6.647,248,-1833,-1926,0
6.650,226,-584,-1750,0
6.652,82,-796,-1895,0
6.655,51,-540,-1968,0
6.658,-260,-784,-2040,0
6.660,-280,-761,-2040,0
6.663,-344,-762,-2040,0
6.665,-336,-478,-2040,0
6.668,-308,-374,-2040,0
6.671,-247,-190,-1973,0
6.673,-58,106,-1724,0
6.676,-15,142,-1641,0
6.678,24,170,-1535,0
6.681,46,188,-1294,0
6.684,16,189,-1223,0
6.686,-43,191,-1112,0
6.689,-178,236,-838,0
6.692,-201,251,-751,0
6.694,-217,282,-613,0
6.697,-204,350,-258,0
6.699,-175,375,-165,0
6.702,-121,409,-24,0
6.705,2,486,276,0
6.707,36,509,350,0
6.710,78,548,450,0
6.712,154,646,666,0
6.715,162,676,704,0
6.718,156,725,743,0
6.720,108,824,804,0
6.723,92,849,802,0
6.726,60,873,794,0
6.728,-10,906,750,0
6.731,-22,901,719,0
6.733,-29,873,688,0
6.736,-44,796,560,0
6.739,-19,770,534,0
6.741,-4,703,469,0
6.744,72,590,314,0
6.747,74,527,248,0
6.749,92,474,146,0
6.752,120,316,-136,0
6.754,125,296,-221,0
6.757,110,251,-359,0
6.760,72,170,-692,0
6.762,54,146,-800,0
6.765,39,123,-959,0
6.768,8,56,-1316,0
6.770,44,23,-1410,0
6.773,67,-36,-1523,0
6.775,78,-182,-1830,0
6.778,72,-195,-1921,0
6.781,57,-241,-1981,0
6.783,22,-328,-2040,0
6.786,6,-368,-2040,0
6.788,-7,-423,-2040,0
6.791,-30,-548,-2040,0
6.794,-29,-570,-2040,0
6.796,-22,-596,-2040,0
6.799,-6,-626,-2040,0
6.802,3,-616,-2040,0
6.804,5,-587,-2040,0
6.807,6,-516,-2040,0
6.809,5,-491,-2040,0
6.812,5,-453,-2040,0
6.815,10,-374,-2040,0
6.817,11,-359,-2040,0
6.820,13,-343,-2040,0
6.823,22,-288,-2040,0
6.825,24,-263,-2040,0
6.828,17,-218,-2040,0
6.830,12,-82,-2040,0
6.833,10,-51,-2040,0
6.836,5,-7,-1985,0
6.838,-8,92,-1734,0
6.841,-17,113,-1630,0
6.843,-31,145,-1460,0
6.846,-64,192,-1074,0
6.849,-74,214,-960,0
6.851,-96,246,-775,0
6.854,-136,334,-352,0
6.857,-143,365,-219,0
6.859,-163,411,-57,0
6.862,-170,558,332,0
6.864,-172,604,458,0
6.867,-160,683,626,0
6.870,-134,816,1008,0
6.872,-121,864,1090,0
6.875,-103,902,1221,0
6.878,-42,964,1472,0
6.880,-35,953,1525,0
6.883,-29,927,1587,0
6.885,-14,846,1660,0
6.888,-15,802,1664,0
6.891,-16,735,1651,0
6.893,-18,560,1572,0
6.896,-17,504,1538,0
6.898,-15,410,1466,0
6.901,-24,174,1244,0
6.904,-34,108,1164,0
6.906,-37,11,1034,0
6.909,-56,-216,688,0
6.912,-67,-267,569,0
6.914,-76,-330,371,0
6.917,-114,-452,-122,0
6.919,-114,-475,-282,0
6.922,-130,-504,-535,0
6.925,-150,-562,-1122,0
6.927,-153,-580,-1288,0
6.930,-156,-612,-1541,0
6.932,-136,-708,-2030,0
6.935,-125,-742,-2035,0
6.938,-76,-809,-2038,0
6.940,60,-1040,-2040,0
6.943,60,-1077,-2040,0
6.946,68,-1108,-2040,0
6.948,58,-1150,-2040,0
6.951,50,-1145,-2040,0
6.953,21,-1153,-2040,0
6.956,-40,-1146,-2040,0
6.959,-53,-1156,-2040,0
6.961,-73,-1142,-2040,0
6.964,-120,-1104,-2040,0
6.966,-137,-1075,-2040,0
6.969,-158,-1033,-2040,0
6.972,-182,-916,-2040,0
6.974,-185,-889,-2040,0
6.977,-197,-837,-2040,0
6.980,-204,-694,-2040,0
6.982,-199,-640,-2040,0
6.985,-201,-564,-2040,0
6.987,-200,-394,-2040,0
6.990,-199,-347,-2039,0
6.993,-205,-274,-1950,0
6.995,-222,-64,-1576,0
6.998,-236,0,-1447,0
7.001,-246,103,-1220,0
7.003,-262,334,-704,0
7.006,-266,412,-528,0
7.008,-274,520,-276,0
7.011,-256,784,298,0
7.014,-248,857,455,0
7.016,-232,972,659,0
7.019,-184,1218,1124,0
7.021,-170,1272,1227,0
7.024,-148,1345,1378,0
7.027,-88,1472,1660,0
7.029,-79,1471,1722,0
7.032,-71,1464,1795,0
7.035,-66,1410,1894,0
7.037,-61,1378,1902,0
7.040,-57,1310,1912,0
7.042,-34,1146,1884,0
7.045,-29,1083,1851,0
7.048,-24,975,1781,0
7.050,-18,694,1582,0
7.053,-17,604,1495,0
7.056,-15,452,1356,0
7.058,-16,106,986,0
7.061,-19,17,872,0
7.063,-35,-103,687,0
7.066,-70,-336,222,0
7.069,-82,-376,57,0
7.071,-93,-423,-193,0
7.074,-92,-506,-820,0
7.076,-85,-512,-1012,0
7.079,-80,-534,-1300,0
7.082,-62,-600,-1956,0
7.084,-56,-631,-1998,0
7.087,-41,-685,-2019,0
7.090,120,-880,-2040,0
7.092,133,-928,-2040,0
7.095,136,-1009,-2040,0
7.097,158,-1090,-2040,0
7.100,131,-1120,-2040,0
7.103,103,-1122,-2040,0
7.105,18,-1144,-2040,0
7.108,2,-1112,-2040,0
7.110,-35,-1071,-2040,0
7.113,-112,-934,-2040,0
7.116,-129,-889,-2040,0
7.118,-139,-824,-2040,0
7.121,-122,-712,-2040,0
7.124,-111,-676,-2040,0
7.126,-104,-626,-2040,0
7.129,-102,-494,-2040,0
7.131,-108,-434,-2040,0
7.134,-121,-341,-2040,0
7.137,-152,-142,-2040,0
7.139,-166,-87,-1930,0
7.142,-190,-17,-1742,0
7.144,-244,136,-1258,0
7.147,-261,182,-1114,0
7.150,-285,259,-889,0
7.152,-338,460,-356,0
7.155,-330,523,-206,0
7.158,-322,623,24,0
7.160,-286,872,552,0
7.163,-267,937,688,0
7.165,-239,1036,875,0
7.168,-170,1214,1272,0
7.171,-148,1240,1374,0
7.173,-118,1268,1479,0
7.176,-58,1262,1692,0
7.179,-38,1234,1726,0
7.181,-19,1170,1731,0
7.184,8,978,1748,0
7.187,18,891,1717,0
7.189,31,759,1651,0
7.192,48,426,1450,0
7.194,49,323,1359,0
7.197,50,171,1203,0
7.200,56,-188,786,0
7.202,60,-266,647,0
7.205,65,-377,425,0
7.207,64,-598,-106,0
7.210,62,-637,-264,0
7.213,58,-693,-510,0
7.215,62,-792,-1092,0
7.218,53,-817,-1248,0
7.220,56,-859,-1481,0
7.223,70,-924,-2010,0
7.226,74,-941,-2025,0
7.228,88,-954,-2033,0
7.231,120,-984,-2040,0
7.234,128,-991,-2040,0
7.236,138,-999,-2040,0
7.239,160,-986,-2040,0
7.241,161,-982,-2040,0
7.244,160,-968,-2040,0
7.247,198,-924,-2040,0
7.249,169,-906,-2040,0
7.252,117,-878,-2040,0
7.255,12,-788,-2040,0
7.257,-13,-757,-2040,0
7.260,-40,-703,-2040,0
7.262,-104,-580,-2040,0
7.265,-115,-527,-2040,0
7.268,-127,-460,-2040,0
7.270,-126,-278,-2040,0
7.273,-129,-220,-2040,0
7.276,-121,-114,-1957,0
7.278,-122,190,-1520,0
7.281,-122,286,-1351,0
7.283,-130,426,-1083,0
7.286,-134,738,-462,0
7.289,-139,806,-286,0
7.291,-137,891,-30,0
7.294,-112,1074,534,0
7.296,-95,1092,667,0
7.299,-71,1116,861,0
7.302,-18,1144,1260,0
7.304,2,1143,1343,0
7.307,29,1132,1456,0
7.310,84,1092,1674,0
7.312,102,1072,1706,0
7.315,124,1039,1736,0
7.317,168,962,1770,0
7.320,175,934,1752,0
7.323,177,876,1702,0
7.325,164,732,1524,0
7.328,153,683,1460,0
7.330,143,602,1346,0
7.333,110,394,1048,0
7.336,94,338,941,0
7.338,72,250,780,0
7.341,24,30,384,0
7.344,13,-22,268,0
7.346,-5,-113,94,0
7.349,-44,-292,-298,0
7.351,-49,-337,-417,0
7.354,-64,-400,-590,0
7.357,-90,-512,-974,0
7.359,-88,-537,-1086,0
7.362,-87,-569,-1238,0
7.364,-96,-620,-1550,0
7.367,-92,-622,-1631,0
7.370,-90,-618,-1742,0
7.372,-84,-584,-1978,0
7.375,-85,-572,-2002,0
7.378,-85,-557,-2021,0
7.380,-82,-514,-2040,0
7.383,-78,-493,-2040,0
7.385,-78,-470,-2040,0
7.388,-72,-404,-2036,0
7.391,-68,-381,-2027,0
7.393,-66,-346,-2001,0
7.396,-44,-246,-1926,0
7.398,-40,-219,-1893,0
7.401,-36,-173,-1839,0
7.404,-30,-76,-1722,0
7.406,-31,-51,-1681,0
7.409,-37,-19,-1633,0
7.412,-38,56,-1524,0
7.414,-35,72,-1498,0
7.417,-28,96,-1465,0
7.419,-6,142,-1400,0
7.422,3,158,-1379,0
7.425,15,173,-1356,0
7.427,40,182,-1336,0
7.430,79,233,-1331,0
7.433,102,248,-1304,0
7.435,222,468,-1230,0
7.438,178,326,-1262,0
7.440,152,215,-1307,0
7.443,32,-74,-1474,0
7.446,44,-52,-1532,0
7.448,40,-102,-1614,0
7.451,100,-134,-1740,0
7.453,115,-167,-1751,0
7.456,151,-177,-1740,0
7.459,204,-204,-1700,0
7.461,209,-194,-1693,0
7.464,209,-192,-1674,0
7.467,202,-168,-1614,0
7.469,183,-172,-1590,0
7.472,156,-176,-1558,0
7.474,100,-184,-1490,0
7.477,87,-188,-1454,0
7.480,62,-194,-1413,0
7.482,20,-194,-1308,0
7.485,14,-187,-1285,0
7.488,14,-180,-1247,0
7.490,14,-148,-1154,0
7.493,16,-151,-1115,0
7.495,20,-146,-1063,0
7.498,16,-134,-966,0
7.501,17,-123,-937,0
7.503,14,-109,-888,0
7.506,2,-80,-782,0
7.508,0,-70,-760,0
7.511,2,-48,-715,0
7.514,-2,-4,-598,0
7.516,3,7,-585,0
7.519,8,23,-556,0
7.522,10,72,-482,0
7.524,16,82,-459,0
7.527,19,95,-437,0
7.529,24,132,-386,0
7.532,28,145,-379,0
7.535,35,165,-377,0
7.537,70,194,-378,0
7.540,67,203,-386,0
7.543,73,210,-398,0
7.545,92,224,-458,0
7.548,78,221,-468,0
7.550,61,217,-502,0
7.553,16,208,-576,0
7.556,16,204,-610,0
7.558,4,205,-654,0
7.561,-12,198,-742,0
7.563,-19,199,-770,0
7.566,-22,196,-808,0
7.569,-20,190,-892,0
7.571,-17,183,-908,0
7.574,-7,177,-922,0
7.576,1012,-102,-2040,0
7.579,65,-348,-2040,0
7.582,564,834,-1439,0
7.584,448,-390,54,0
7.587,620,320,-142,0
7.590,432,-282,-145,0
7.592,484,408,-896,0
7.595,-197,103,-1468,0
7.597,-243,-200,-1031,0
7.600,164,576,-386,0
7.603,36,-28,-500,0
7.605,118,80,-671,0
7.608,-552,-198,-1928,0
7.610,-330,-221,-1292,0
7.613,-163,-117,-851,0
7.616,-388,-296,-1624,0
7.618,-225,-63,-1324,0
7.621,-196,-78,-1054,0
7.624,-142,-72,-876,0
7.626,-129,34,-941,0
7.629,-140,16,-1088,0
7.631,-36,14,-954,0
7.634,-46,8,-990,0
7.637,-45,14,-1048,0
7.639,152,-1782,20,0
7.642,405,-178,-599,0
7.644,247,116,-1320,0
7.647,-188,-250,-1010,0
7.650,19,-225,-663,0
7.652,-13,-4,-674,0
7.655,112,58,-2040,0
7.658,-73,81,-1332,0
7.660,36,16,-1024,0
7.663,42,-166,-1264,0
7.665,-38,-43,-1273,0
7.668,17,-20,-1074,0
7.671,126,-114,-984,0
7.673,27,-45,-1141,0
7.676,-6,0,-1078,0
7.678,80,-90,-918,0
7.681,38,-52,-1003,0
7.684,10,-20,-1031,0
7.686,50,-70,-982,0
7.689,35,-49,-1030,0
7.692,12,-15,-1057,0
7.694,28,-14,-1042,0
7.697,29,-20,-1032,0
7.699,22,-6,-1056,0
7.702,26,10,-1072,0
7.705,-8,52,-1149,0
7.707,-24,55,-1154,0
7.710,28,80,-1166,0
7.712,47,36,-1062,0
7.715,24,-23,-1015,0
7.718,-24,-42,-1052,0
7.720,-9,12,-1139,0
7.723,-4,34,-1064,0
7.726,6,-38,-944,0
7.728,10,-33,-1028,0
7.731,6,-7,-1091,0
7.733,-22,18,-1040,0
7.736,-7,11,-1013,0
7.739,5,-4,-1037,0
7.741,-8,8,-1074,0
7.744,-7,15,-1070,0
7.746,-3,9,-1043,0
7.749,4,-8,-1010,0
7.752,0,0,-1052,0
7.754,-1,6,-1095,0
7.757,-4,10,-1060,0
7.760,-2,3,-1028,0
7.762,-3,4,-1042,0
7.765,-8,6,-1098,0
7.767,-5,5,-1064,0
7.770,-6,4,-1036,0
7.773,0,6,-1090,0
7.775,-2,7,-1101,0
7.778,-4,4,-1066,0
7.780,0,-4,-1018,0
7.783,1,2,-1056,0
7.786,-8,6,-1074,0
7.788,-2,-2,-1034,0
7.791,0,-4,-1042,0
7.794,-1,-2,-1062,0
7.796,0,2,-1076,0
7.799,1,-2,-1058,0
7.801,3,-6,-1052,0
7.804,-2,-10,-1052,0
7.807,1,-6,-1042,0
7.809,2,-10,-1033,0
7.812,16,-8,-1044,0
7.815,12,-7,-1056,0
7.817,12,-6,-1065,0
7.820,16,-10,-1042,0
7.822,18,-10,-1043,0
7.825,14,-8,-1050,0
7.828,8,-2,-1064,0
7.830,11,-8,-1055,0
7.833,14,-9,-1052,0
7.835,2,-10,-1060,0
7.838,5,-10,-1050,0
7.841,6,-8,-1052,0
7.843,12,-8,-1042,0
7.846,10,-6,-1051,0
7.849,8,-6,-1052,0
7.851,18,4,-1052,0
7.854,16,0,-1054,0
7.856,15,-6,-1062,0
7.859,4,4,-1072,0
7.862,7,0,-1058,0
7.864,5,-4,-1062,0
7.867,8,-10,-1066,0
7.869,9,0,-1057,0
7.872,5,1,-1061,0
7.875,6,8,-1030,0
7.877,6,9,-1040,0
7.880,-6,13,-1063,0
7.883,-8,-10,-1042,0
7.885,-2,-3,-1056,0
7.888,3,4,-1058,0
7.890,2,6,-1048,0
7.893,0,4,-1057,0
7.896,-1,6,-1059,0
7.898,-2,12,-1054,0
7.901,0,7,-1058,0
7.904,0,2,-1058,0
7.906,6,4,-1054,0
7.909,4,3,-1059,0
7.911,0,3,-1058,0
7.914,-8,-2,-1048,0
7.917,-4,-2,-1052,0
7.919,1,1,-1051,0
7.922,-4,-2,-1056,0
7.924,-3,-4,-1061,0
7.927,-1,-1,-1065,0
7.930,6,-2,-1066,0
7.932,4,-1,-1058,0
7.935,1,-4,-1052,0
7.938,4,0,-1054,0
7.940,2,1,-1052,0
7.943,5,1,-1050,0
7.945,-2,-4,-1046,0
7.948,-3,-5,-1049,0
7.951,0,-4,-1058,0
7.953,6,-4,-1054,0
7.956,5,-4,-1051,0
7.959,7,-4,-1052,0
7.961,2,0,-1050,0
7.964,5,-4,-1054,0
7.966,5,-4,-1052,0
7.969,8,-6,-1056,0
7.972,9,-6,-1053,0
7.974,8,-6,-1054,0
7.977,6,-8,-1042,0
7.979,7,-8,-1048,0
7.982,8,-5,-1052,0
7.985,14,-16,-1038,0
7.987,12,-10,-1046,0
7.990,12,-12,-1050,0
7.993,6,-4,-1030,0
7.995,30,1,-1008,0
7.998,33,-6,-1066,0
8.000,-12,14,-1124,0
8.003,-6,7,-1063,0
8.006,21,2,-1032,0
8.008,-2,-2,-1140,0
8.011,-8,-1,-1097,0
8.013,1,-6,-1060,0
8.016,30,-4,-1066,0
8.019,21,1,-1068,0
8.021,16,0,-1060,0
8.024,12,0,-1052,0
8.027,11,1,-1051,0
8.029,10,-1,-1052,0
8.032,8,2,-1068,0
8.034,10,2,-1066,0
8.037,9,3,-1055,0
8.040,6,8,-1064,0
8.042,5,3,-1067,0
8.045,-2,5,-1063,0
8.047,-6,0,-1046,0
8.050,-4,5,-1052,0
8.053,-5,9,-1051,0
8.055,8,0,-1074,0
8.058,3,-2,-1063,0
8.061,-1,4,-1056,0
8.063,-4,8,-1058,0
8.066,-3,2,-1058,0
8.068,-10,0,-1058,0
8.071,0,2,-1054,0
8.074,-3,5,-1062,0
8.076,-3,3,-1060,0
8.079,2,-4,-1056,0
8.081,2,-5,-1055,0
8.084,-1,-8,-1048,0
8.087,0,0,-1050,0
8.089,1,-7,-1051,0
8.092,0,-8,-1053,0
8.095,-4,-4,-1058,0
8.097,-2,-5,-1060,0
8.100,-1,-7,-1058,0
8.102,4,-12,-1054,0
8.105,0,-9,-1052,0
8.108,-1,-10,-1053,0
8.110,8,-8,-1042,0
8.113,4,-6,-1047,0
8.115,5,-3,-1051,0
8.118,10,-6,-1050,0
8.121,9,-5,-1057,0
8.123,6,-5,-1063,0
8.126,10,-4,-1060,0
8.129,5,-3,-1060,0
8.131,5,-4,-1057,0
8.134,6,-6,-1058,0
8.136,5,-3,-1062,0
8.139,6,-2,-1058,0
8.142,8,-2,-1058,0
8.144,7,-3,-1061,0
8.147,8,-2,-1057,0
8.149,4,0,-1042,0
8.152,3,4,-1050,0
8.155,3,4,-1054,0
8.157,16,0,-1060,0
8.160,12,4,-1056,0
8.163,9,5,-1059,0
8.165,8,2,-1062,0
8.168,10,7,-1059,0
8.170,8,9,-1058,0
8.173,18,2,-1056,0
8.176,11,3,-1060,0
8.178,10,5,-1066,0
8.181,2,4,-1062,0
8.184,6,2,-1050,0
8.186,7,3,-1060,0
8.189,4,2,-1058,0
8.191,3,2,-1060,0
8.194,4,4,-1054,0
8.197,14,6,-1018,0
8.199,6,7,-1043,0
8.202,-22,-8,-1096,0
8.204,4,-10,-1020,0
8.207,28,-7,-1026,0
8.210,8,-5,-1049,0
8.212,-20,-2,-1082,0
8.215,1,-1,-1056,0
8.218,4,-2,-1050,0
8.220,-18,2,-1076,0
8.223,-14,-2,-1063,0
8.225,1,-4,-1063,0
8.228,0,-6,-1052,0
8.231,-6,-3,-1049,0
8.233,-4,-5,-1059,0
8.236,2,-2,-1056,0
8.238,2,-3,-1050,0
8.241,1,-5,-1050,0
8.244,16,-4,-1074,0
8.246,-1,-1,-1068,0
8.249,-1,-2,-1061,0
8.252,12,-4,-1048,0
8.254,8,-1,-1062,0
8.257,2,-9,-1054,0
8.259,2,-22,-1048,0
8.262,8,-8,-1054,0
8.265,5,-2,-1048,0
8.267,2,-4,-1058,0
8.270,2,-3,-1055,0
8.272,3,-2,-1055,0
8.275,8,-6,-1018,0
8.278,11,-10,-1035,0
8.280,14,-5,-1017,0
8.283,34,-12,-950,0
8.286,20,3,-1124,0
8.288,-27,14,-1128,0
8.291,30,-28,-860,0
8.293,54,-25,-936,0
8.296,18,-10,-1052,0
8.299,-36,12,-1080,0
8.301,-1,0,-1049,0
8.304,10,-3,-1047,0
8.306,-10,4,-1040,0
8.309,2,3,-1062,0
8.312,10,1,-1063,0
8.314,0,-2,-1016,0
8.317,1,0,-1043,0
8.320,9,0,-1062,0
8.322,12,0,-1036,0
8.325,6,1,-1035,0
8.327,10,-1,-1053,0
8.330,8,8,-1076,0
8.333,6,5,-1069,0
8.335,12,-2,-1059,0
